Symbol,Date,Next_Div_Date,Next_Earn_Date
META,2026-10-04,,
MRK,2026-10-04,,
IBKR,2026-10-04,,
EME,2026-10-04,2026-10-15,
WSM,2026-10-04,2026-10-16,
TKO,2026-10-04,,
P,2026-10-04,,
WDAY,2026-10-04,,
AMCR,2026-10-04,,
MO,2026-10-04,,
COF,2026-10-04,,
CPT,2026-10-04,,
FLEX,2026-10-04,,
EG,2026-10-04,,
EVRG,2026-10-04,,
FISV,2026-10-04,,
KDP,2026-10-04,,
MLM,2026-10-04,,
VLTO,2026-10-04,,
MMM,2026-10-04,,
AOS,2026-10-04,,
ABT,2026-10-04,2026-10-15,
ABBV,2026-10-04,2026-10-15,
ACN,2026-10-04,2026-10-13,
ADBE,2026-10-04,,
AMD,2026-10-04,,
AES,2026-10-04,,
AFL,2026-10-04,,
A,2026-10-04,2026-10-06,
APD,2026-10-04,,
ABNB,2026-10-04,,
AKAM,2026-10-04,,
ALB,2026-10-04,,
ARE,2026-10-04,,
ALGN,2026-10-04,,
ALLE,2026-10-04,,
LNT,2026-10-04,,
ALL,2026-10-04,,
GOOGL,2026-10-04,,
GOOG,2026-10-04,,
AMZN,2026-10-04,,
AEE,2026-10-04,,
AEP,2026-10-04,,
AXP,2026-10-04,2026-10-09,
AIG,2026-10-04,,
AMT,2026-10-04,,
AWK,2026-10-04,,
AMP,2026-10-04,,
AME,2026-10-04,,
AMGN,2026-10-04,,
APH,2026-10-04,,
ADI,2026-10-04,,
AON,2026-10-04,,
APA,2026-10-04,2026-10-22,
AAPL,2026-10-04,,
AMAT,2026-10-04,2026-11-19,
APTV,2026-10-04,,
ACGL,2026-10-04,,
ADM,2026-10-04,,
ANET,2026-10-04,,
AJG,2026-10-04,,
AIZ,2026-10-04,,
T,2026-10-04,2026-10-09,
ATO,2026-10-04,,
ADSK,2026-10-04,,
ADP,2026-10-04,,
AZO,2026-10-04,,
VMRK,2026-10-04,2026-10-05,
AVY,2026-10-04,,
AXON,2026-10-04,,
BKR,2026-10-04,,
BALL,2026-10-04,,
BAC,2026-10-04,,
BAX,2026-10-04,,
BDX,2026-10-04,,
BRK.B,2026-10-04,,
BBY,2026-10-04,,
TECH,2026-10-04,,
BIIB,2026-10-04,,
BLK,2026-10-04,,
BX,2026-10-04,,
XYZ,2026-10-04,,
BNY,2026-10-04,,
BA,2026-10-04,,
BKNG,2026-10-04,,
BSX,2026-10-04,,
BMY,2026-10-04,,
AVGO,2026-10-04,,
BR,2026-10-04,,
BRO,2026-10-04,,
BF.B,2026-10-04,,
ILMN,2026-10-04,,
BG,2026-10-04,2026-11-17,
BXP,2026-10-04,,
CHRW,2026-10-04,,
CDNS,2026-10-04,,
CAH,2026-10-04,,
CCL,2026-10-04,,
CARR,2026-10-04,,
CAT,2026-10-04,,
CBOE,2026-10-04,,
CBRE,2026-10-04,,
CDW,2026-10-04,,
COR,2026-10-04,,
CNC,2026-10-04,,
CNP,2026-10-04,2026-11-19,
CF,2026-10-04,,
CRL,2026-10-04,,
SCHW,2026-10-04,,
CHTR,2026-10-04,,
CVX,2026-10-04,,
CMG,2026-10-04,,
CB,2026-10-04,,
CHD,2026-10-04,,
CI,2026-10-04,,
CINF,2026-10-04,,
CTAS,2026-10-04,,
CSCO,2026-10-04,,
C,2026-10-04,,
CFG,2026-10-04,,
CLX,2026-10-04,2026-10-28,
CME,2026-10-04,,
CMS,2026-10-04,,
KO,2026-10-04,,
CTSH,2026-10-04,,
COIN,2026-10-04,,
CL,2026-10-04,2026-10-20,
CMCSA,2026-10-04,2026-10-07,
HONA,2026-10-04,,
COP,2026-10-04,,
ED,2026-10-04,,
STZ,2026-10-04,,
CEG,2026-10-04,,
COO,2026-10-04,,
CPRT,2026-10-04,,
GLW,2026-10-04,,
CTVA,2026-10-04,,
CVNA,2026-10-04,,
CSGP,2026-10-04,,
COST,2026-10-04,,
VEEV,2026-10-04,,
CRWD,2026-10-04,,
CCI,2026-10-04,,
CSX,2026-10-04,,
CMI,2026-10-04,,
CVS,2026-10-04,2026-10-22,
DHR,2026-10-04,,
DRI,2026-10-04,2026-10-09,
DVA,2026-10-04,,
CIEN,2026-10-04,,
DECK,2026-10-04,,
DE,2026-10-04,,
DELL,2026-10-04,2026-10-20,
DAL,2026-10-04,2026-10-15,
DVN,2026-10-04,,
DXCM,2026-10-04,,
FANG,2026-10-04,,
DLR,2026-10-04,,
DG,2026-10-04,2026-10-06,
DLTR,2026-10-04,,
D,2026-10-04,,
DPZ,2026-10-04,,
DASH,2026-10-04,,
DOV,2026-10-04,,
DOW,2026-10-04,,
DHI,2026-10-04,,
DTE,2026-10-04,,
DUK,2026-10-04,2026-11-13,
DD,2026-10-04,,
ETN,2026-10-04,,
EBAY,2026-10-04,,
ECL,2026-10-04,,
EIX,2026-10-04,2026-10-07,
EW,2026-10-04,,
FERG,2026-10-04,,
ELV,2026-10-04,,
EMR,2026-10-04,,
ETR,2026-10-04,,
EOG,2026-10-04,2026-10-16,
EQT,2026-10-04,,
EFX,2026-10-04,,
EQIX,2026-10-04,,
EQR,2026-10-04,,
ERIE,2026-10-04,2026-10-05,
ESS,2026-10-04,,
EL,2026-10-04,,
ES,2026-10-04,,
EXC,2026-10-04,,
EXPE,2026-10-04,,
EXPD,2026-10-04,,
EXR,2026-10-04,,
XOM,2026-10-04,,
FFIV,2026-10-04,,
FDS,2026-10-04,,
FICO,2026-10-04,,
FAST,2026-10-04,,
FRT,2026-10-04,,
FDX,2026-10-04,,
FIS,2026-10-04,,
FITB,2026-10-04,,
FSLR,2026-10-04,,
FE,2026-10-04,2026-11-06,
CPAY,2026-10-04,,
F,2026-10-04,,
FTNT,2026-10-04,,
FTV,2026-10-04,,
FOXA,2026-10-04,,
FOX,2026-10-04,,
BEN,2026-10-04,,
FCX,2026-10-04,2026-10-15,
GRMN,2026-10-04,2026-12-11,
IT,2026-10-04,,
GE,2026-10-04,2026-10-05,
GEV,2026-10-04,2026-10-27,
GEHC,2026-10-04,2026-10-23,
GEN,2026-10-04,,
GNRC,2026-10-04,,
GD,2026-10-04,2026-10-09,
GIS,2026-10-04,2026-10-13,
GM,2026-10-04,,
GPC,2026-10-04,,
GILD,2026-10-04,,
GPN,2026-10-04,,
GL,2026-10-04,2026-10-05,
GDDY,2026-10-04,,
GS,2026-10-04,,
HAL,2026-10-04,,
HIG,2026-10-04,,
HAS,2026-10-04,,
HCA,2026-10-04,,
DOC,2026-10-04,2026-10-19,
HSIC,2026-10-04,,
HSY,2026-10-04,,
HPE,2026-10-04,,
HLT,2026-10-04,,
CASY,2026-10-04,2026-10-30,
HD,2026-10-04,,
HON,2026-10-04,2026-11-13,
HRL,2026-10-04,2026-10-13,
HST,2026-10-04,,
HWM,2026-10-04,,
HPQ,2026-10-04,,
HUBB,2026-10-04,,
HUM,2026-10-04,2026-10-30,
HBAN,2026-10-04,,
HII,2026-10-04,,
IBM,2026-10-04,,
IEX,2026-10-04,,
IDXX,2026-10-04,,
ITW,2026-10-04,,
INCY,2026-10-04,,
IR,2026-10-04,,
PODD,2026-10-04,,
INTC,2026-10-04,,
ICE,2026-10-04,2026-12-16,
IFF,2026-10-04,,
IP,2026-10-04,,
SNDK,2026-10-04,,
INTU,2026-10-04,2026-10-08,
ISRG,2026-10-04,,
IVZ,2026-10-04,,
INVH,2026-10-04,,
IQV,2026-10-04,,
IRM,2026-10-04,,
JBHT,2026-10-04,,
JBL,2026-10-04,,
JKHY,2026-10-04,,
J,2026-10-04,,
JNJ,2026-10-04,,
JCI,2026-10-04,,
JPM,2026-10-04,2026-10-06,
DDOG,2026-10-04,,
KVUE,2026-10-04,,
KEY,2026-10-04,,
KEYS,2026-10-04,,
KMB,2026-10-04,,
KIM,2026-10-04,,
KMI,2026-10-04,,
KKR,2026-10-04,,
KLAC,2026-10-04,,
KHC,2026-10-04,,
KR,2026-10-04,2026-11-16,
LHX,2026-10-04,,
LH,2026-10-04,,
LRCX,2026-10-04,,
COHR,2026-10-04,,
LVS,2026-10-04,,
LDOS,2026-10-04,,
LEN,2026-10-04,2026-10-07,
LLY,2026-10-04,,
LIN,2026-10-04,,
LYV,2026-10-04,,
CRH,2026-10-04,,
LMT,2026-10-04,,
LII,2026-10-04,,
L,2026-10-04,,
LOW,2026-10-04,2026-10-21,
LULU,2026-10-04,,
LYB,2026-10-04,,
MTB,2026-10-04,,
TPL,2026-10-04,,
MPC,2026-10-04,,
MAR,2026-10-04,,
MMC,2026-10-04,,
MAS,2026-10-04,,
MA,2026-10-04,2026-10-09,
VRT,2026-10-04,,
MKC,2026-10-04,2026-10-13,
MCD,2026-10-04,2026-12-01,
MCK,2026-10-04,,
MDT,2026-10-04,,
MET,2026-10-04,,
MTD,2026-10-04,,
MGM,2026-10-04,,
MCHP,2026-10-04,,
MU,2026-10-04,2026-10-14,
MSFT,2026-10-04,2026-11-19,
MAA,2026-10-04,2026-10-15,
MRNA,2026-10-04,,
FIX,2026-10-04,,
LITE,2026-10-04,,
BE,2026-10-04,,
MDLZ,2026-10-04,,
MPWR,2026-10-04,,
MNST,2026-10-04,,
MCO,2026-10-04,,
MS,2026-10-04,,
MOS,2026-10-04,,
MSI,2026-10-04,,
MSCI,2026-10-04,,
NDAQ,2026-10-04,,
NTAP,2026-10-04,2026-10-09,
NFLX,2026-10-04,,
NEM,2026-10-04,,
NWSA,2026-10-04,,
NWS,2026-10-04,,
NEE,2026-10-04,,
NKE,2026-10-04,,
NI,2026-10-04,2026-10-30,
NDSN,2026-10-04,,
NSC,2026-10-04,,
NTRS,2026-10-04,,
NOC,2026-10-04,,
NCLH,2026-10-04,,
NRG,2026-10-04,,
NUE,2026-10-04,,
NVDA,2026-10-04,,
NVR,2026-10-04,,
NXPI,2026-10-04,,
ORLY,2026-10-04,,
OXY,2026-10-04,,
ODFL,2026-10-04,,
OMC,2026-10-04,,
ON,2026-10-04,,
OKE,2026-10-04,,
ORCL,2026-10-04,2026-10-09,
OTIS,2026-10-04,,
PCAR,2026-10-04,2026-11-10,
PKG,2026-10-04,,
PLTR,2026-10-04,,
PANW,2026-10-04,,
Q,2026-10-04,,
PSKY,2026-10-04,,
PH,2026-10-04,,
PAYX,2026-10-04,,
PYPL,2026-10-04,,
PNR,2026-10-04,2026-10-23,
PEP,2026-10-04,,
PFE,2026-10-04,,
PCG,2026-10-04,,
PM,2026-10-04,,
PSX,2026-10-04,,
PNW,2026-10-04,,
PNC,2026-10-04,,
RDDT,2026-10-04,,
MRVL,2026-10-04,2026-10-09,
PPG,2026-10-04,,
PPL,2026-10-04,,
PFG,2026-10-04,,
PG,2026-10-04,,
PGR,2026-10-04,,
PLD,2026-10-04,,
PRU,2026-10-04,,
PEG,2026-10-04,,
PTC,2026-10-04,,
PSA,2026-10-04,,
PHM,2026-10-04,,
APO,2026-10-04,,
PWR,2026-10-04,,
QCOM,2026-10-04,,
DGX,2026-10-04,2026-10-06,
RL,2026-10-04,,
RJF,2026-10-04,,
RTX,2026-10-04,,
O,2026-10-04,,
REG,2026-10-04,,
REGN,2026-10-04,,
RF,2026-10-04,,
RSG,2026-10-04,,
RMD,2026-10-04,,
RVTY,2026-10-04,2026-10-23,
ROK,2026-10-04,,
ROL,2026-10-04,,
ROP,2026-10-04,,
ROST,2026-10-04,,
RCL,2026-10-04,,
SPGI,2026-10-04,2026-11-25,
CRM,2026-10-04,,
SBAC,2026-10-04,,
SLB,2026-10-04,,
STX,2026-10-04,,
SRE,2026-10-04,,
NOW,2026-10-04,,
SHW,2026-10-04,,
SPG,2026-10-04,,
SWKS,2026-10-04,,
SJM,2026-10-04,,
SW,2026-10-04,,
SNA,2026-10-04,,
SOLV,2026-10-04,,
SO,2026-10-04,,
LUV,2026-10-04,,
SWK,2026-10-04,,
SBUX,2026-10-04,,
STT,2026-10-04,,
STLD,2026-10-04,,
STE,2026-10-04,,
SYK,2026-10-04,,
SMCI,2026-10-04,,
SYF,2026-10-04,,
SNPS,2026-10-04,,
SYY,2026-10-04,,
TMUS,2026-10-04,2026-11-25,
TROW,2026-10-04,,
TTWO,2026-10-04,,
TPR,2026-10-04,,
TRGP,2026-10-04,,
TGT,2026-10-04,2026-11-10,
TEL,2026-10-04,2026-11-20,
TDY,2026-10-04,,
TER,2026-10-04,,
TSLA,2026-10-04,,
TXN,2026-10-04,2026-10-30,
TXT,2026-10-04,,
TMO,2026-10-04,,
TJX,2026-10-04,2026-11-12,
TSCO,2026-10-04,,
TT,2026-10-04,,
TDG,2026-10-04,,
TRV,2026-10-04,,
TRMB,2026-10-04,,
TFC,2026-10-04,,
TYL,2026-10-04,,
TSN,2026-10-04,2026-12-01,
USB,2026-10-04,,
UBER,2026-10-04,,
UDR,2026-10-04,2026-10-19,
ULTA,2026-10-04,,
UNP,2026-10-04,,
UAL,2026-10-04,,
UPS,2026-10-04,,
URI,2026-10-04,,
UNH,2026-10-04,,
UHS,2026-10-04,,
VLO,2026-10-04,,
VTR,2026-10-04,,
VRSN,2026-10-04,,
VRSK,2026-10-04,,
VZ,2026-10-04,2026-10-09,
VRTX,2026-10-04,,
VTRS,2026-10-04,,
VICI,2026-10-04,,
V,2026-10-04,,
VST,2026-10-04,,
VMC,2026-10-04,,
WRB,2026-10-04,,
GWW,2026-10-04,,
WAB,2026-10-04,,
WMT,2026-10-04,2026-12-11,
DIS,2026-10-04,,
WBD,2026-10-04,,
WM,2026-10-04,,
WAT,2026-10-04,,
WEC,2026-10-04,,
WFC,2026-10-04,,
WELL,2026-10-04,,
WST,2026-10-04,,
WDC,2026-10-04,,
WY,2026-10-04,,
WMB,2026-10-04,,
EXE,2026-10-04,,
WTW,2026-10-04,,
WYNN,2026-10-04,,
XEL,2026-10-04,,
XYL,2026-10-04,,
YUM,2026-10-04,,
ZBRA,2026-10-04,,
ZBH,2026-10-04,,
ZTS,2026-10-04,,
APP,2026-10-04,,
HOOD,2026-10-04,,
ARES,2026-10-04,,
MRSH,2026-10-04,,
FDXF,2026-10-04,,
AZN,2026-10-04,,
ARM,2026-10-04,,
CCEP,2026-10-04,,
MELI,2026-10-04,,
PDD,2026-10-04,,
TEAM,2026-10-04,,
MSTR,2026-10-04,,
SHOP,2026-10-04,,
SIRI,2026-10-04,,
FER,2026-10-04,,
ALNY,2026-10-04,,
NBIS,2026-10-04,,
TRI,2026-10-04,,
MTCH,2026-10-04,2026-10-05,
RKLB,2026-10-04,,
CRWV,2026-10-04,,
SPCX,2026-10-04,,
ALAB,2026-10-04,,
TTD,2026-10-04,,
CSIQ,2026-10-04,,
AA,2026-10-04,,
IIPR,2026-10-04,,
MP,2026-10-04,,
TAP,2026-10-04,,
SMR,2026-10-04,,
RGTI,2026-10-04,,
QBTS,2026-10-04,,
OKLO,2026-10-04,,
IONQ,2026-10-04,,
NXE,2026-10-04,,
CLS,2026-10-04,,
ASML,2026-10-04,,
BLDR,2026-10-04,,
GFS,2026-10-04,,
FLR,2026-10-04,,
PAYC,2026-10-04,,
LW,2026-10-04,,
MOH,2026-10-04,,
EPAM,2026-10-04,,
CPB,2026-10-04,,
CAG,2026-10-04,2026-11-05,
ZS,2026-10-04,,
POOL,2026-10-04,,
INSM,2026-10-04,,
ESLT,2026-10-04,2026-10-13,
WGMI,2026-10-04,,
EUAD,2026-10-04,,
SHLD,2026-10-04,,
STCE,2026-10-04,,
PSIL,2026-10-04,,
BKCH,2026-10-04,,
GREK,2026-10-04,,
ARKW,2026-10-04,,
EWY,2026-10-04,,
KEMQ,2026-10-04,,
HYDR,2026-10-04,,
UFO,2026-10-04,,
CNXT,2026-10-04,,
DAPP,2026-10-04,,
BLOK,2026-10-04,,
EWP,2026-10-04,,
EPOL,2026-10-04,,
CTEC,2026-10-04,,
FGM,2026-10-04,,
AFK,2026-10-04,,
DECO,2026-10-04,,
ARKK,2026-10-04,,
CHAT,2026-10-04,,
BITQ,2026-10-04,,
KSTR,2026-10-04,,
SLV,2026-10-04,,
RING,2026-10-04,,
GDX,2026-10-04,,
SIL,2026-10-04,,
URA,2026-10-04,,
COPJ,2026-10-04,,
NLR,2026-10-04,,
BTGD,2026-10-04,,
PPLT,2026-10-04,,
IBLC,2026-10-04,,
XME,2026-10-04,,
AIA,2026-10-04,,
ARKF,2026-10-04,,
ARKO,2026-10-04,,
BKF,2026-10-04,,
BOTZ,2026-10-04,,
CANE,2026-10-04,,
CGW,2026-10-04,,
CLNE,2026-10-04,,
COPX,2026-10-04,,
CORN,2026-10-04,,
CRBN,2026-10-04,,
DBA,2026-10-04,,
DBB,2026-10-04,,
DBC,2026-10-04,,
DIA,2026-10-04,,
EEM,2026-10-04,,
EFA,2026-10-04,,
FXI,2026-10-04,,
GLD,2026-10-04,,
GRNY,2026-10-04,,
IBB,2026-10-04,,
IBIT,2026-10-04,,
ILF,2026-10-04,,
INDA,2026-10-04,,
ITB,2026-10-04,,
IWD,2026-10-04,,
IWM,2026-10-04,,
IYR,2026-10-04,,
IYT,2026-10-04,,
IZRL,2026-10-04,,
MAGS,2026-10-04,,
MJ,2026-10-04,,
MOO,2026-10-04,,
MTUM,2026-10-04,,
OEF,2026-10-04,,
OIH,2026-10-04,,
PBW,2026-10-04,,
PHO,2026-10-04,,
PPA,2026-10-04,,
QQQ,2026-10-04,,
ROBT,2026-10-04,,
RSP,2026-10-04,,
SMH,2026-10-04,,
SOYB,2026-10-04,,
SPY,2026-10-04,,
TAN,2026-10-04,,
UNG,2026-10-04,,
VGK,2026-10-04,,
VGT,2026-10-04,,
VT,2026-10-04,,
VTI,2026-10-04,,
VUG,2026-10-04,,
VWO,2026-10-04,,
WEAT,2026-10-04,,
WOOD,2026-10-04,,
XLB,2026-10-04,,
XLC,2026-10-04,,
XLE,2026-10-04,,
XLF,2026-10-04,,
XLG,2026-10-04,,
XLI,2026-10-04,,
XLK,2026-10-04,,
XLV,2026-10-04,,
XLY,2026-10-04,,
XLU,2026-10-04,,
XLP,2026-10-04,,
XLRE,2026-10-04,,
XOP,2026-10-04,,
XRT,2026-10-04,,
DMAT,2026-10-04,,
