Symbol,Date,Next_Div_Date,Next_Earn_Date
AAL,2025-12-21,,
FI,2025-12-21,,
META,2025-12-21,,
MRK,2025-12-21,,
RHI,2025-12-21,,
IBKR,2025-12-21,,
EME,2025-12-21,,
WSM,2025-12-21,2026-01-16,
TKO,2025-12-21,,
TTD,2025-12-21,,
WDAY,2025-12-21,,
AMCR,2025-12-21,,
MO,2025-12-21,2025-12-26,
COF,2025-12-21,,
CPT,2025-12-21,,
CPB,2025-12-21,2026-01-08,
EG,2025-12-21,,
EVRG,2025-12-21,,
FISV,2025-12-21,,
KDP,2025-12-21,2026-01-02,
MLM,2025-12-21,,
VLTO,2025-12-21,2025-12-31,
MMM,2025-12-21,,
AOS,2025-12-21,,
ABT,2025-12-21,2026-01-15,
ABBV,2025-12-21,2026-01-16,
ACN,2025-12-21,2026-01-13,
ADBE,2025-12-21,,
AMD,2025-12-21,,
AES,2025-12-21,2026-01-30,
AFL,2025-12-21,2026-02-18,
A,2025-12-21,2026-01-06,
APD,2025-12-21,2026-01-02,
ABNB,2025-12-21,,
AKAM,2025-12-21,,
ALB,2025-12-21,,
ARE,2025-12-21,2025-12-31,
ALGN,2025-12-21,,
ALLE,2025-12-21,,
LNT,2025-12-21,,
ALL,2025-12-21,,
GOOGL,2025-12-21,,
GOOG,2025-12-21,,
AMZN,2025-12-21,,
AEE,2025-12-21,,
AEP,2025-12-21,,
AXP,2025-12-21,2026-01-02,
AIG,2025-12-21,,
AMT,2025-12-21,2025-12-29,
AWK,2025-12-21,2026-02-10,
AMP,2025-12-21,,
AME,2025-12-21,,
AMGN,2025-12-21,2026-02-13,
APH,2025-12-21,,
ADI,2025-12-21,,
AON,2025-12-21,,
APA,2025-12-21,2026-01-22,
AAPL,2025-12-21,,
AMAT,2025-12-21,2026-02-19,
APTV,2025-12-21,,
ACGL,2025-12-21,,
ADM,2025-12-21,,
ANET,2025-12-21,,
AJG,2025-12-21,,
AIZ,2025-12-21,,
T,2025-12-21,2026-01-12,
ATO,2025-12-21,,
ADSK,2025-12-21,,
ADP,2025-12-21,,
AZO,2025-12-21,,
AVB,2025-12-21,2025-12-31,
AVY,2025-12-21,,
AXON,2025-12-21,,
BKR,2025-12-21,,
BALL,2025-12-21,,
BAC,2025-12-21,,
BAX,2025-12-21,,
BDX,2025-12-21,,
BRK.B,2025-12-21,,
BBY,2025-12-21,,
TECH,2025-12-21,,
BIIB,2025-12-21,,
BLK,2025-12-21,,
BX,2025-12-21,,
XYZ,2025-12-21,,
BK,2025-12-21,,
BA,2025-12-21,,
BKNG,2025-12-21,,
BSX,2025-12-21,,
BMY,2025-12-21,2026-01-02,
AVGO,2025-12-21,2025-12-22,
BR,2025-12-21,,
BRO,2025-12-21,,
BF.B,2025-12-21,,
BLDR,2025-12-21,,
BG,2025-12-21,2026-02-17,
BXP,2025-12-21,2025-12-31,
CHRW,2025-12-21,,
CDNS,2025-12-21,,
CAH,2025-12-21,2026-01-02,
CCL,2025-12-21,,
CARR,2025-12-21,2026-01-20,
CAT,2025-12-21,2026-01-20,
CBOE,2025-12-21,,
CBRE,2025-12-21,,
CDW,2025-12-21,,
COR,2025-12-21,,
CNC,2025-12-21,,
CNP,2025-12-21,2026-02-19,
CF,2025-12-21,,
CRL,2025-12-21,,
SCHW,2025-12-21,,
CHTR,2025-12-21,,
CVX,2025-12-21,,
CMG,2025-12-21,,
CB,2025-12-21,,
CHD,2025-12-21,,
CI,2025-12-21,,
CINF,2025-12-21,2025-12-22,
CTAS,2025-12-21,,
CSCO,2025-12-21,2026-01-02,
C,2025-12-21,,
CFG,2025-12-21,,
CLX,2025-12-21,2026-01-28,
CME,2025-12-21,,
CMS,2025-12-21,,
KO,2025-12-21,,
CTSH,2025-12-21,,
COIN,2025-12-21,,
CL,2025-12-21,2026-01-21,
CMCSA,2025-12-21,2026-01-14,
CAG,2025-12-21,2026-01-27,
COP,2025-12-21,,
ED,2025-12-21,,
STZ,2025-12-21,,
CEG,2025-12-21,,
COO,2025-12-21,,
CPRT,2025-12-21,,
GLW,2025-12-21,,
CTVA,2025-12-21,,
SOLS,2025-12-21,,
CSGP,2025-12-21,,
COST,2025-12-21,,
CTRA,2025-12-21,,
CRWD,2025-12-21,,
CCI,2025-12-21,,
CSX,2025-12-21,,
CMI,2025-12-21,,
CVS,2025-12-21,,
DHR,2025-12-21,2025-12-26,
DRI,2025-12-21,2026-01-09,
DVA,2025-12-21,,
DAY,2025-12-21,,
DECK,2025-12-21,,
DE,2025-12-21,2025-12-31,
DELL,2025-12-21,2026-01-20,
DAL,2025-12-21,,
DVN,2025-12-21,,
DXCM,2025-12-21,,
FANG,2025-12-21,,
DLR,2025-12-21,,
DG,2025-12-21,2026-01-06,
DLTR,2025-12-21,,
D,2025-12-21,,
DPZ,2025-12-21,,
DASH,2025-12-21,,
DOV,2025-12-21,,
DOW,2025-12-21,,
DHI,2025-12-21,,
DTE,2025-12-21,,
DUK,2025-12-21,,
DD,2025-12-21,,
ETN,2025-12-21,,
EBAY,2025-12-21,,
ECL,2025-12-21,,
EIX,2025-12-21,2026-01-07,
EW,2025-12-21,,
EA,2025-12-21,,
ELV,2025-12-21,,
EMR,2025-12-21,,
ETR,2025-12-21,,
EOG,2025-12-21,2026-01-16,
EPAM,2025-12-21,,
EQT,2025-12-21,,
EFX,2025-12-21,,
EQIX,2025-12-21,,
EQR,2025-12-21,2026-01-02,
ERIE,2025-12-21,2026-01-06,
ESS,2025-12-21,2026-01-02,
EL,2025-12-21,,
ES,2025-12-21,,
EXC,2025-12-21,,
EXPE,2025-12-21,,
EXPD,2025-12-21,,
EXR,2025-12-21,,
XOM,2025-12-21,,
FFIV,2025-12-21,,
FDS,2025-12-21,,
FICO,2025-12-21,,
FAST,2025-12-21,,
FRT,2025-12-21,2026-01-02,
FDX,2025-12-21,,
FIS,2025-12-21,,
FITB,2025-12-21,2025-12-31,
FSLR,2025-12-21,,
FE,2025-12-21,2026-02-06,
CPAY,2025-12-21,,
F,2025-12-21,,
FTNT,2025-12-21,,
FTV,2025-12-21,,
FOXA,2025-12-21,,
FOX,2025-12-21,,
BEN,2025-12-21,2025-12-30,
FCX,2025-12-21,2026-01-15,
GRMN,2025-12-21,2026-03-13,
IT,2025-12-21,,
GE,2025-12-21,2025-12-29,
GEV,2025-12-21,2026-01-05,
GEHC,2025-12-21,2026-01-09,
GEN,2025-12-21,,
GNRC,2025-12-21,,
GD,2025-12-21,2026-01-16,
GIS,2025-12-21,2026-01-09,
GM,2025-12-21,,
GPC,2025-12-21,,
GILD,2025-12-21,,
GPN,2025-12-21,,
GL,2025-12-21,2026-01-05,
GDDY,2025-12-21,,
GS,2025-12-21,,
HAL,2025-12-21,,
HIG,2025-12-21,,
HAS,2025-12-21,,
HCA,2025-12-21,,
DOC,2025-12-21,,
HSIC,2025-12-21,,
HSY,2025-12-21,,
HPE,2025-12-21,,
HLT,2025-12-21,,
HOLX,2025-12-21,,
HD,2025-12-21,,
HON,2025-12-21,,
HRL,2025-12-21,2026-01-12,
HST,2025-12-21,2025-12-31,
HWM,2025-12-21,,
HPQ,2025-12-21,,
HUBB,2025-12-21,,
HUM,2025-12-21,2025-12-26,
HBAN,2025-12-21,,
HII,2025-12-21,,
IBM,2025-12-21,,
IEX,2025-12-21,2026-01-16,
IDXX,2025-12-21,,
ITW,2025-12-21,2025-12-31,
INCY,2025-12-21,,
IR,2025-12-21,,
PODD,2025-12-21,,
INTC,2025-12-21,,
ICE,2025-12-21,,
IFF,2025-12-21,,
IP,2025-12-21,,
IPG,2025-12-21,,
INTU,2025-12-21,2026-01-09,
ISRG,2025-12-21,,
IVZ,2025-12-21,,
INVH,2025-12-21,2025-12-23,
IQV,2025-12-21,,
IRM,2025-12-21,,
JBHT,2025-12-21,,
JBL,2025-12-21,,
JKHY,2025-12-21,,
J,2025-12-21,,
JNJ,2025-12-21,,
JCI,2025-12-21,2025-12-22,
JPM,2025-12-21,2026-01-06,
DDOG,2025-12-21,,
K,2025-12-21,,
KVUE,2025-12-21,,
KEY,2025-12-21,,
KEYS,2025-12-21,,
KMB,2025-12-21,,
KIM,2025-12-21,,
KMI,2025-12-21,,
KKR,2025-12-21,,
KLAC,2025-12-21,,
KHC,2025-12-21,,
KR,2025-12-21,,
LHX,2025-12-21,,
LH,2025-12-21,,
LRCX,2025-12-21,,
LW,2025-12-21,2026-01-30,
LVS,2025-12-21,,
LDOS,2025-12-21,,
LEN,2025-12-21,,
LLY,2025-12-21,2026-02-13,
LIN,2025-12-21,,
LYV,2025-12-21,,
LKQ,2025-12-21,,
LMT,2025-12-21,,
LII,2025-12-21,2025-12-31,
L,2025-12-21,,
LOW,2025-12-21,2026-01-21,
LULU,2025-12-21,,
LYB,2025-12-21,,
MTB,2025-12-21,,
TPL,2025-12-21,,
MPC,2025-12-21,,
MAR,2025-12-21,,
MMC,2025-12-21,,
MAS,2025-12-21,,
MA,2025-12-21,2026-01-09,
MTCH,2025-12-21,2026-01-06,
MKC,2025-12-21,2025-12-29,
MCD,2025-12-21,,
MCK,2025-12-21,,
MDT,2025-12-21,2025-12-26,
MET,2025-12-21,,
MTD,2025-12-21,,
MGM,2025-12-21,,
MCHP,2025-12-21,,
MU,2025-12-21,2025-12-29,
MSFT,2025-12-21,2026-02-19,
MAA,2025-12-21,2026-01-15,
MRNA,2025-12-21,,
MHK,2025-12-21,,
MOH,2025-12-21,,
TAP,2025-12-21,,
MDLZ,2025-12-21,2025-12-31,
MPWR,2025-12-21,2025-12-31,
MNST,2025-12-21,,
MCO,2025-12-21,,
MS,2025-12-21,,
MOS,2025-12-21,,
MSI,2025-12-21,,
MSCI,2025-12-21,,
NDAQ,2025-12-21,,
NTAP,2025-12-21,2026-01-02,
NFLX,2025-12-21,,
NEM,2025-12-21,,
NWSA,2025-12-21,,
NWS,2025-12-21,,
NEE,2025-12-21,,
NKE,2025-12-21,,
NI,2025-12-21,,
NDSN,2025-12-21,,
NSC,2025-12-21,,
NTRS,2025-12-21,,
NOC,2025-12-21,,
NCLH,2025-12-21,,
NRG,2025-12-21,,
NUE,2025-12-21,2025-12-31,
NVDA,2025-12-21,,
NVR,2025-12-21,,
NXPI,2025-12-21,,
ORLY,2025-12-21,,
OXY,2025-12-21,,
ODFL,2025-12-21,,
OMC,2025-12-21,,
ON,2025-12-21,,
OKE,2025-12-21,,
ORCL,2025-12-21,2026-01-09,
OTIS,2025-12-21,,
PCAR,2025-12-21,2026-02-11,
PKG,2025-12-21,,
PLTR,2025-12-21,,
PANW,2025-12-21,,
Q,2025-12-21,2026-02-27,
PSKY,2025-12-21,,
PH,2025-12-21,,
PAYX,2025-12-21,,
PAYC,2025-12-21,,
PYPL,2025-12-21,,
PNR,2025-12-21,2026-01-23,
PEP,2025-12-21,,
PFE,2025-12-21,2026-01-23,
PCG,2025-12-21,2025-12-31,
PM,2025-12-21,2025-12-26,
PSX,2025-12-21,,
PNW,2025-12-21,2026-02-02,
PNC,2025-12-21,,
POOL,2025-12-21,,
PPG,2025-12-21,,
PPL,2025-12-21,,
PFG,2025-12-21,,
PG,2025-12-21,,
PGR,2025-12-21,2026-01-02,
PLD,2025-12-21,,
PRU,2025-12-21,,
PEG,2025-12-21,,
PTC,2025-12-21,,
PSA,2025-12-21,,
PHM,2025-12-21,,
APO,2025-12-21,,
PWR,2025-12-21,2026-01-02,
QCOM,2025-12-21,,
DGX,2025-12-21,2026-01-13,
RL,2025-12-21,2025-12-26,
RJF,2025-12-21,2026-01-02,
RTX,2025-12-21,,
O,2025-12-21,2025-12-31,
REG,2025-12-21,,
REGN,2025-12-21,,
RF,2025-12-21,,
RSG,2025-12-21,2026-01-02,
RMD,2025-12-21,,
RVTY,2025-12-21,2026-01-16,
ROK,2025-12-21,,
ROL,2025-12-21,,
ROP,2025-12-21,2026-01-02,
ROST,2025-12-21,,
RCL,2025-12-21,2025-12-26,
SPGI,2025-12-21,,
CRM,2025-12-21,,
SBAC,2025-12-21,,
SLB,2025-12-21,,
STX,2025-12-21,2025-12-24,
SRE,2025-12-21,,
NOW,2025-12-21,,
SHW,2025-12-21,,
SPG,2025-12-21,,
SWKS,2025-12-21,,
SJM,2025-12-21,,
SW,2025-12-21,,
SNA,2025-12-21,,
SOLV,2025-12-21,,
SO,2025-12-21,,
LUV,2025-12-21,2025-12-26,
SWK,2025-12-21,,
SBUX,2025-12-21,2026-02-13,
STT,2025-12-21,2026-01-02,
STLD,2025-12-21,2025-12-31,
STE,2025-12-21,,
SYK,2025-12-21,2025-12-31,
SMCI,2025-12-21,,
SYF,2025-12-21,,
SNPS,2025-12-21,,
SYY,2025-12-21,2026-01-02,
TMUS,2025-12-21,2026-02-27,
TROW,2025-12-21,,
TTWO,2025-12-21,,
TPR,2025-12-21,,
TRGP,2025-12-21,,
TGT,2025-12-21,,
TEL,2025-12-21,2026-02-20,
TDY,2025-12-21,,
TER,2025-12-21,,
TSLA,2025-12-21,,
TXN,2025-12-21,,
TXT,2025-12-21,,
TMO,2025-12-21,,
TJX,2025-12-21,2026-02-12,
TSCO,2025-12-21,,
TT,2025-12-21,,
TDG,2025-12-21,,
TRV,2025-12-21,,
TRMB,2025-12-21,,
TFC,2025-12-21,,
TYL,2025-12-21,,
TSN,2025-12-21,2026-02-27,
USB,2025-12-21,2025-12-31,
UBER,2025-12-21,,
UDR,2025-12-21,2026-01-12,
ULTA,2025-12-21,,
UNP,2025-12-21,,
UAL,2025-12-21,,
UPS,2025-12-21,,
URI,2025-12-21,,
UNH,2025-12-21,,
UHS,2025-12-21,,
VLO,2025-12-21,,
VTR,2025-12-21,2025-12-31,
VRSN,2025-12-21,,
VRSK,2025-12-21,,
VZ,2025-12-21,2026-01-12,
VRTX,2025-12-21,,
VTRS,2025-12-21,,
VICI,2025-12-21,,
V,2025-12-21,,
VST,2025-12-21,2025-12-22,
VMC,2025-12-21,,
WRB,2025-12-21,,
GWW,2025-12-21,,
WAB,2025-12-21,,
WMT,2025-12-21,,
DIS,2025-12-21,2026-06-30,
WBD,2025-12-21,,
WM,2025-12-21,,
WAT,2025-12-21,,
WEC,2025-12-21,2026-02-13,
WFC,2025-12-21,,
WELL,2025-12-21,,
WST,2025-12-21,2026-01-28,
WDC,2025-12-21,,
WY,2025-12-21,,
WMB,2025-12-21,,
EXE,2025-12-21,,
WTW,2025-12-21,2025-12-31,
WYNN,2025-12-21,,
XEL,2025-12-21,2025-12-29,
XYL,2025-12-21,,
YUM,2025-12-21,,
ZBRA,2025-12-21,,
ZBH,2025-12-21,2025-12-30,
ZTS,2025-12-21,2026-01-20,
APP,2025-12-21,,
HOOD,2025-12-21,,
AZN,2025-12-21,,
ARM,2025-12-21,,
CCEP,2025-12-21,,
MELI,2025-12-21,,
PDD,2025-12-21,,
TEAM,2025-12-21,,
MSTR,2025-12-21,,
MDB,2025-12-21,,
ZS,2025-12-21,,
MRVL,2025-12-21,2026-01-09,
SIRI,2025-12-21,,
CSIQ,2025-12-21,,
AA,2025-12-21,,
IIPR,2025-12-21,2025-12-31,
MP,2025-12-21,,
BE,2025-12-21,,
RDDT,2025-12-21,,
SMR,2025-12-21,,
RGTI,2025-12-21,,
QBTS,2025-12-21,,
OKLO,2025-12-21,,
IONQ,2025-12-21,,
NXE,2025-12-21,,
CLS,2025-12-21,,
ASML,2025-12-21,,
GES,2025-12-21,,
ILMN,2025-12-21,,
GFS,2025-12-21,,
WGMI,2025-12-21,,
EUAD,2025-12-21,,
SHLD,2025-12-21,,
STCE,2025-12-21,,
PSIL,2025-12-21,,
BKCH,2025-12-21,,
GREK,2025-12-21,,
ARKW,2025-12-21,,
EWY,2025-12-21,,
KEMQ,2025-12-21,,
HYDR,2025-12-21,,
UFO,2025-12-21,,
CNXT,2025-12-21,,
DAPP,2025-12-21,,
BLOK,2025-12-21,,
EWP,2025-12-21,,
EPOL,2025-12-21,,
CTEC,2025-12-21,,
FGM,2025-12-21,,
AFK,2025-12-21,,
DECO,2025-12-21,,
ARKK,2025-12-21,,
CHAT,2025-12-21,,
BITQ,2025-12-21,,
KSTR,2025-12-21,,
SLVP,2025-12-21,,
RING,2025-12-21,,
GDX,2025-12-21,,
SIL,2025-12-21,,
URA,2025-12-21,,
DMAT,2025-12-21,,
COPJ,2025-12-21,,
NLR,2025-12-21,,
BTGD,2025-12-21,,
PPLT,2025-12-21,,
IBLC,2025-12-21,,
XME,2025-12-21,,
AIA,2025-12-21,,
ARKF,2025-12-21,,
ARKO,2025-12-21,,
BKF,2025-12-21,,
BOTZ,2025-12-21,,
CANE,2025-12-21,,
CGW,2025-12-21,,
CLNE,2025-12-21,,
COPX,2025-12-21,,
CORN,2025-12-21,,
CRBN,2025-12-21,,
DBA,2025-12-21,,
DBB,2025-12-21,,
DBC,2025-12-21,,
DIA,2025-12-21,,
EEM,2025-12-21,,
EFA,2025-12-21,,
FLR,2025-12-21,,
FXI,2025-12-21,,
GLD,2025-12-21,,
GRNY,2025-12-21,,
IBB,2025-12-21,,
IBIT,2025-12-21,,
ILF,2025-12-21,,
INDA,2025-12-21,,
ITB,2025-12-21,,
IWD,2025-12-21,,
IWM,2025-12-21,,
IYR,2025-12-21,,
IYT,2025-12-21,,
IZRL,2025-12-21,,
MAGS,2025-12-21,,
MJ,2025-12-21,,
MOO,2025-12-21,,
MTUM,2025-12-21,,
OEF,2025-12-21,,
OIH,2025-12-21,,
PBW,2025-12-21,,
PHO,2025-12-21,,
PPA,2025-12-21,,
QQQ,2025-12-21,,
ROBT,2025-12-21,,
RSP,2025-12-21,,
SMH,2025-12-21,,
SOYB,2025-12-21,,
SPY,2025-12-21,,
TAN,2025-12-21,,
UNG,2025-12-21,,
VGK,2025-12-21,,
VGT,2025-12-21,,
VT,2025-12-21,,
VTI,2025-12-21,2025-12-22,
VUG,2025-12-21,2025-12-22,
VWO,2025-12-21,,
WEAT,2025-12-21,,
WOOD,2025-12-21,,
XLB,2025-12-21,,
XLC,2025-12-21,,
XLE,2025-12-21,,
XLF,2025-12-21,,
XLG,2025-12-21,,
XLI,2025-12-21,,
XLK,2025-12-21,,
XLV,2025-12-21,,
XLY,2025-12-21,,
XLU,2025-12-21,,
XLP,2025-12-21,,
XLRE,2025-12-21,,
XOP,2025-12-21,,
XRT,2025-12-21,,
