Symbol,Date,Open,High,Low,Close,Volume
EUAD,2025-07-30,41.41,41.59,40.81,40.85,604121
EUAD,2025-07-31,41.88,41.98,41.51,41.59,467445
EUAD,2025-08-01,41.07,41.4104,40.6718,41.3,531926
EUAD,2025-08-04,42.13,42.15,41.8851,42.09,305881
EUAD,2025-08-05,42.29,42.4692,42.0507,42.39,245202
EUAD,2025-08-06,42.45,43.04,42.34,43.01,275633
EUAD,2025-08-07,42.23,42.2927,41.842,42.05,512919
EUAD,2025-08-08,42.21,42.28,41.37,41.66,517969
EUAD,2025-08-11,41.29,41.29,40.79,40.84,500405
EUAD,2025-08-12,41.45,42.06,41.365,41.93,337854
EUAD,2025-08-13,42.44,42.44,42.0,42.19,248412
EUAD,2025-08-14,42.5,42.9361,42.5,42.83,234299
EUAD,2025-08-15,42.48,42.7143,42.3601,42.58,200260
EUAD,2025-08-18,42.98,43.1045,42.755,43.04,188464
EUAD,2025-08-19,41.82,41.8799,41.47,41.57,650049
EUAD,2025-08-20,41.4,41.5616,41.11,41.22,328733
EUAD,2025-08-21,41.73,41.84,41.505,41.7,269840
EUAD,2025-08-22,41.9,42.34,41.87,42.15,158149
EUAD,2025-08-25,42.27,42.56,42.09,42.1,526844
EUAD,2025-08-26,41.98,42.2714,41.95,42.2,171461
EUAD,2025-08-27,41.97,41.97,41.67,41.86,348972
EUAD,2025-08-28,42.04,42.3599,42.0,42.01,261697
EUAD,2025-08-29,42.32,42.6199,42.03,42.09,360585
EUAD,2025-09-02,42.05,42.495,41.81,42.32,854361
EUAD,2025-09-03,42.45,42.58,42.2101,42.49,509322
EUAD,2025-09-04,42.14,42.24,42.01,42.13,236984
EUAD,2025-09-05,42.57,42.6201,42.17,42.33,134601
EUAD,2025-09-08,42.57,42.96,42.57,42.9,278190
EUAD,2025-09-09,42.66,42.83,42.385,42.71,278251
EUAD,2025-09-10,43.2,43.4899,43.15,43.36,382927
EUAD,2025-09-11,44.0,44.68,44.0,44.68,779881
EUAD,2025-09-12,44.69,44.8341,44.59,44.71,330366
EUAD,2025-09-15,45.77,45.89,45.54,45.83,469869
EUAD,2025-09-16,45.99,45.99,45.185,45.61,595242
EUAD,2025-09-17,45.56,45.56,44.59,44.71,373900
EUAD,2025-09-18,44.56,44.83,44.3276,44.82,305480
EUAD,2025-09-19,44.82,44.99,44.74,44.93,437708
EUAD,2025-09-22,45.26,45.6497,45.0801,45.62,414955
EUAD,2025-09-23,45.42,45.55,45.11,45.31,377153
EUAD,2025-09-24,45.52,45.8499,45.38,45.75,359478
EUAD,2025-09-25,45.52,45.73,45.24,45.7,249440
EUAD,2025-09-26,45.99,46.19,45.76,46.12,278273
EUAD,2025-09-29,46.7,46.77,46.37,46.45,417469
EUAD,2025-09-30,46.55,46.97,46.295,46.97,365450
EUAD,2025-10-01,46.41,46.73,46.26,46.58,395008
EUAD,2025-10-02,47.45,47.4523,46.93,47.17,302072
EUAD,2025-10-03,47.64,47.64,47.1025,47.25,365521
EUAD,2025-10-06,46.59,46.64,46.055,46.49,660618
EUAD,2025-10-07,45.98,45.99,45.64,45.7,420285
EUAD,2025-10-08,46.5,46.5099,46.26,46.5,236909
EWP,2025-07-30,44.67,44.96,44.5,44.68,737984
EWP,2025-07-31,44.69,44.895,44.605,44.72,279645
EWP,2025-08-01,44.52,44.61,44.195,44.52,1234330
EWP,2025-08-04,45.22,45.305,45.11,45.3,349227
EWP,2025-08-05,45.31,45.55,45.15,45.48,545681
EWP,2025-08-06,45.96,46.26,45.935,46.16,625544
EWP,2025-08-07,46.51,46.67,46.3,46.67,412385
EWP,2025-08-08,46.98,47.165,46.885,47.14,569157
EWP,2025-08-11,46.95,47.1579,46.85,47.09,187975
EWP,2025-08-12,47.15,47.4399,47.15,47.38,247228
EWP,2025-08-13,47.89,48.05,47.89,47.97,235678
EWP,2025-08-14,48.09,48.475,48.07,48.42,307247
EWP,2025-08-15,48.77,48.9,48.68,48.84,501960
EWP,2025-08-18,48.43,48.6,48.34,48.6,347755
EWP,2025-08-19,48.77,48.83,48.41,48.45,395764
EWP,2025-08-20,48.66,48.739,48.57,48.67,263606
EWP,2025-08-21,48.46,48.59,48.35,48.48,194178
EWP,2025-08-22,48.72,49.3776,48.72,49.24,276042
EWP,2025-08-25,48.76,48.87,48.3,48.3,328235
EWP,2025-08-26,48.17,48.297,47.985,48.09,237840
EWP,2025-08-27,47.58,47.66,47.33,47.66,227353
EWP,2025-08-28,47.88,48.11,47.77,48.02,348955
EWP,2025-08-29,47.57,47.8,47.55,47.71,374643
EWP,2025-09-02,46.63,47.04,46.56,47.02,403748
EWP,2025-09-03,46.83,47.13,46.81,47.05,345333
EWP,2025-09-04,47.39,47.51,47.2,47.48,198667
EWP,2025-09-05,47.76,47.89,47.45,47.6,697158
EWP,2025-09-08,48.01,48.14,47.9,48.07,262877
EWP,2025-09-09,47.78,48.15,47.78,48.08,250499
EWP,2025-09-10,48.43,48.685,48.415,48.47,331188
EWP,2025-09-11,48.64,49.0,48.64,48.98,478928
EWP,2025-09-12,48.45,49.005,48.45,49.0,253387
EWP,2025-09-15,49.18,49.295,49.06,49.23,283731
EWP,2025-09-16,49.01,49.07,48.78,48.95,250597
EWP,2025-09-17,48.78,49.19,48.59,48.75,305589
EWP,2025-09-18,48.4,48.725,48.32,48.66,257828
EWP,2025-09-19,48.73,48.97,48.695,48.83,170188
EWP,2025-09-22,48.36,48.445,48.14,48.43,323203
EWP,2025-09-23,48.64,48.79,48.51,48.55,1401194
EWP,2025-09-24,48.53,48.77,48.48,48.57,337569
EWP,2025-09-25,48.33,48.34,48.07,48.25,298641
EWP,2025-09-26,48.72,49.05,48.72,49.04,338563
EWP,2025-09-29,49.09,49.14,48.83,48.92,155829
EWP,2025-09-30,49.17,49.57,49.145,49.5,366407
EWP,2025-10-01,49.55,49.715,49.4,49.64,3290885
EWP,2025-10-02,49.565,49.625,49.13,49.36,266672
EWP,2025-10-03,49.77,49.84,49.51,49.65,231972
EWP,2025-10-06,49.52,49.55,49.22,49.22,217844
EWP,2025-10-07,49.2,49.2,48.86,48.92,195543
EWP,2025-10-08,49.22,49.58,49.14,49.33,139367
XME,2025-07-30,74.8,75.46,73.14,73.65,3071794
XME,2025-07-31,72.85,73.755,72.5,73.32,2294747
XME,2025-08-01,71.89,72.99,71.07,72.41,2466278
XME,2025-08-04,72.64,73.95,72.55,73.81,1328393
XME,2025-08-05,74.09,75.7,73.72,75.58,2056816
XME,2025-08-06,76.16,76.84,75.34,75.41,1636771
XME,2025-08-07,77.09,78.1,76.39,77.95,2561938
XME,2025-08-08,79.2,80.39,79.04,79.29,2306475
XME,2025-08-11,78.7,79.83,77.99,78.7,2468749
XME,2025-08-12,79.45,81.3594,79.33,81.0,2211822
XME,2025-08-13,81.32,81.64,80.29,81.51,2334228
XME,2025-08-14,80.53,80.86,79.66,80.61,1799909
XME,2025-08-15,81.02,81.02,79.68,79.78,1652506
XME,2025-08-18,79.52,79.69,78.69,79.11,1609626
XME,2025-08-19,78.98,79.15,76.97,77.44,1825824
XME,2025-08-20,77.14,77.43,76.455,77.1,1394176
XME,2025-08-21,76.88,77.61,76.55,77.49,1567772
XME,2025-08-22,77.59,80.56,77.44,80.13,2284683
XME,2025-08-25,80.14,81.31,80.12,80.65,1539563
XME,2025-08-26,80.69,81.895,80.5346,81.18,1201820
XME,2025-08-27,80.75,81.2708,80.31,81.03,971437
XME,2025-08-28,81.54,81.71,80.96,81.6,1138265
XME,2025-08-29,81.84,82.41,81.24,82.33,1432789
XME,2025-09-02,81.46,81.6,80.14,81.54,2118500
XME,2025-09-03,81.95,82.04,81.04,81.54,1081866
XME,2025-09-04,81.32,81.74,80.79,81.57,1428813
XME,2025-09-05,82.25,83.94,81.62,83.93,1788126
XME,2025-09-08,84.36,84.5699,83.16,84.08,1730505
XME,2025-09-09,84.09,84.9,83.115,83.36,1394449
XME,2025-09-10,83.66,85.06,83.66,84.88,1737119
XME,2025-09-11,84.57,86.6,84.31,86.04,3271957
XME,2025-09-12,85.87,86.32,85.35,85.57,1309283
XME,2025-09-15,86.02,89.24,85.82,89.09,3764934
XME,2025-09-16,89.56,89.56,88.0,88.24,2157352
XME,2025-09-17,87.53,89.85,86.755,87.75,1982288
XME,2025-09-18,87.73,89.17,86.62,89.09,1975140
XME,2025-09-19,89.21,91.045,89.05,90.39,2265901
XME,2025-09-22,90.55,91.17,89.2,90.94,1594180
XME,2025-09-23,91.58,92.65,90.6601,91.5,1920523
XME,2025-09-24,91.5,92.23,90.36,90.48,1987623
XME,2025-09-25,89.47,92.91,89.23,91.7,2315475
XME,2025-09-26,91.74,92.8499,91.57,92.2,1717906
XME,2025-09-29,93.79,93.81,92.14,93.48,1777580
XME,2025-09-30,92.4,93.43,91.96,93.19,2016806
XME,2025-10-01,93.17,95.73,93.165,95.31,2860255
XME,2025-10-02,95.87,96.82,94.13,96.67,2462779
XME,2025-10-03,97.54,99.16,96.8,97.56,1807928
XME,2025-10-06,98.84,99.7,98.13,98.23,1879200
XME,2025-10-07,98.83,101.45,98.195,98.97,3936921
XME,2025-10-08,100.5,102.315,100.33,102.27,3285530
BLOK,2025-07-30,59.22,59.85,58.55,59.08,748187
BLOK,2025-07-31,59.66,60.16,58.98,59.06,318752
BLOK,2025-08-01,56.81,57.14,55.75,56.05,886912
BLOK,2025-08-04,56.66,57.48,56.12,57.43,1579955
BLOK,2025-08-05,57.11,57.2,56.0,56.98,652482
BLOK,2025-08-06,56.81,57.31,56.22,57.26,308254
BLOK,2025-08-07,58.18,58.71,57.24,57.87,324676
BLOK,2025-08-08,58.24,58.5,57.08,57.72,511875
BLOK,2025-08-11,58.53,59.31,58.19,58.21,333295
BLOK,2025-08-12,58.78,59.07,58.24,59.0,198746
BLOK,2025-08-13,59.24,59.72,58.47,59.16,289039
BLOK,2025-08-14,58.51,59.36,58.0504,59.27,202590
BLOK,2025-08-15,59.31,59.31,58.485,58.89,206093
BLOK,2025-08-18,58.74,60.12,58.46,59.79,208391
BLOK,2025-08-19,59.62,59.62,57.47,57.67,247508
BLOK,2025-08-20,57.59,57.89,56.19,57.67,218437
BLOK,2025-08-21,57.37,57.75,57.075,57.46,206203
BLOK,2025-08-22,57.71,59.97,57.38,59.52,219147
BLOK,2025-08-25,58.97,59.57,58.36,58.92,278421
BLOK,2025-08-26,58.61,59.84,58.56,59.83,138079
BLOK,2025-08-27,59.63,60.0978,59.41,59.64,153299
BLOK,2025-08-28,60.0,60.59,59.96,60.02,171513
BLOK,2025-08-29,59.78,60.15,58.98,59.52,142644
BLOK,2025-09-02,58.3,59.96,57.81,59.57,173127
BLOK,2025-09-03,59.62,60.04,58.97,59.23,120769
BLOK,2025-09-04,59.03,59.13,58.141,58.42,211118
BLOK,2025-09-05,59.25,59.67,57.2614,58.68,139123
BLOK,2025-09-08,58.84,59.96,58.67,59.75,204288
BLOK,2025-09-09,60.2,61.72,59.93,61.68,419132
BLOK,2025-09-10,62.54,63.68,62.28,62.75,2136937
BLOK,2025-09-11,63.02,63.83,62.45,63.31,328345
BLOK,2025-09-12,63.21,63.89,62.94,63.8,263864
BLOK,2025-09-15,63.79,64.32,63.56,64.25,253469
BLOK,2025-09-16,64.29,65.105,63.52,65.07,283274
BLOK,2025-09-17,64.83,65.78,64.03,65.4,355900
BLOK,2025-09-18,66.07,67.145,65.59,66.61,275213
BLOK,2025-09-19,66.63,67.25,66.14,66.53,215753
BLOK,2025-09-22,65.73,67.26,65.193,67.13,210492
BLOK,2025-09-23,67.65,68.13,66.0663,66.22,295857
BLOK,2025-09-24,66.97,67.83,66.34,66.92,354915
BLOK,2025-09-25,65.66,65.87,63.62,64.38,331020
BLOK,2025-09-26,64.29,64.79,63.226,64.43,325972
BLOK,2025-09-29,65.27,67.265,65.27,66.99,493395
BLOK,2025-09-30,66.98,67.38,66.35,67.04,215783
BLOK,2025-10-01,67.32,68.27,67.14,67.53,331685
BLOK,2025-10-02,68.4,69.9899,67.805,69.77,443341
BLOK,2025-10-03,70.06,71.68,69.7,70.31,344866
BLOK,2025-10-06,72.05,72.3344,71.51,72.0,511729
BLOK,2025-10-07,72.84,72.94,70.25,71.8,390041
BLOK,2025-10-08,72.49,74.07,71.93,73.87,292768
CTEC,2025-07-30,41.1,41.1,40.575,40.625,683
CTEC,2025-07-31,40.4,40.55,39.95,40.0215,5653
CTEC,2025-08-01,39.35,39.5,39.35,39.45,1054
CTEC,2025-08-04,39.45,39.95,39.45,39.9,1169
CTEC,2025-08-05,40.5,40.85,40.456,40.675,1657
CTEC,2025-08-06,40.95,40.95,40.5,40.55,2896
CTEC,2025-08-07,41.25,41.25,40.65,40.8,954
CTEC,2025-08-08,41.15,41.5,41.05,41.149,2164
CTEC,2025-08-11,41.0,41.2,40.75,41.05,1675
CTEC,2025-08-12,40.9,41.317,40.8,41.317,1034
CTEC,2025-08-13,41.85,41.875,41.6,41.65,447
CTEC,2025-08-14,40.4,41.15,40.4,41.075,269
CTEC,2025-08-15,41.35,43.4,41.35,42.875,516
CTEC,2025-08-18,43.45,44.4495,43.35,43.95,1486
CTEC,2025-08-19,43.7,43.7945,43.1,43.2,2250
CTEC,2025-08-20,42.5,43.15,42.3,43.075,2476
CTEC,2025-08-21,42.5,42.8,42.25,42.375,1660
CTEC,2025-08-22,42.2,44.35,42.2,44.15,2739
CTEC,2025-08-25,44.4,44.6915,43.85,43.875,1208
CTEC,2025-08-26,44.4,44.477,44.15,44.225,110
CTEC,2025-08-27,43.2,44.1,43.2,43.7515,17815
CTEC,2025-08-28,43.6,44.231,43.6,44.224,499
CTEC,2025-08-29,43.85,43.875,43.669,43.7245,322
CTEC,2025-09-02,42.075,42.6832,42.075,42.6832,2278
CTEC,2025-09-03,42.22,43.33,42.22,43.1268,4953
CTEC,2025-09-04,42.31,43.4,42.31,43.3256,13791
CTEC,2025-09-05,44.24,45.2,44.09,44.7812,5681
CTEC,2025-09-08,45.1,45.35,44.9812,44.9812,10141
CTEC,2025-09-09,44.24,44.82,44.0287,44.0287,2035
CTEC,2025-09-10,43.84,44.7,43.84,44.5503,2083
CTEC,2025-09-11,45.24,45.3964,45.1468,45.1468,3393
CTEC,2025-09-12,44.84,45.4572,44.84,45.4572,1389
CTEC,2025-09-15,45.07,46.2347,45.07,46.2347,1417
CTEC,2025-09-16,46.32,46.7896,46.32,46.7896,1709
CTEC,2025-09-17,45.89,47.78,45.89,47.69,4907
CTEC,2025-09-18,47.8,48.7541,47.8,48.7541,348
CTEC,2025-09-19,49.3416,49.65,49.125,49.65,1596
CTEC,2025-09-22,48.43,50.7135,48.43,50.7135,1764
CTEC,2025-09-23,50.05,50.955,49.61,49.7391,1600
CTEC,2025-09-24,49.5074,49.5074,49.5074,49.5074,381
CTEC,2025-09-25,49.25,49.6512,49.25,49.6512,1495
CTEC,2025-09-26,49.13,49.4885,49.0,49.4885,957
CTEC,2025-09-29,50.115,50.115,49.69,49.8788,2981
CTEC,2025-09-30,49.94,50.2415,49.32,50.2415,1826
CTEC,2025-10-01,51.845,53.0714,51.845,53.0714,1761
CTEC,2025-10-02,54.14,54.14,53.23,53.2745,2416
CTEC,2025-10-03,54.25,54.972,53.92,54.4095,12039
CTEC,2025-10-06,56.59,56.59,54.9362,54.9362,3611
CTEC,2025-10-07,55.67,55.67,53.81,53.9437,3970
CTEC,2025-10-08,53.26,54.3326,53.26,54.3326,1590
SLVP,2025-07-30,18.1,18.1699,17.5434,17.66,284712
SLVP,2025-07-31,17.76,17.77,17.45,17.52,90479
SLVP,2025-08-01,17.73,17.9,17.42,17.54,62806
SLVP,2025-08-04,17.67,18.25,17.67,18.16,103651
SLVP,2025-08-05,18.16,18.74,18.0936,18.73,87901
SLVP,2025-08-06,18.51,19.18,18.51,19.08,105411
SLVP,2025-08-07,19.58,20.18,19.34,20.02,263084
SLVP,2025-08-08,20.18,20.47,20.0601,20.24,153471
SLVP,2025-08-11,19.82,20.18,19.5967,20.11,101672
SLVP,2025-08-12,20.23,20.43,20.114,20.38,74883
SLVP,2025-08-13,20.67,20.67,20.2,20.24,191399
SLVP,2025-08-14,20.16,20.39,19.8811,19.99,71587
SLVP,2025-08-15,20.03,20.246,19.885,20.03,88104
SLVP,2025-08-18,19.97,20.09,19.8,19.95,178108
SLVP,2025-08-19,19.91,20.023,19.26,19.29,131522
SLVP,2025-08-20,19.4,19.8376,19.4,19.74,68623
SLVP,2025-08-21,19.78,20.1799,19.68,20.15,60556
SLVP,2025-08-22,20.16,20.7365,19.9,20.64,243220
SLVP,2025-08-25,20.7,20.7,20.32,20.37,72028
SLVP,2025-08-26,20.45,20.829,20.45,20.73,92283
SLVP,2025-08-27,20.64,20.93,20.29,20.895,82682
SLVP,2025-08-28,21.08,21.13,20.8645,21.08,162807
SLVP,2025-08-29,21.1,21.76,21.0709,21.73,198074
SLVP,2025-09-02,22.44,22.78,21.8,22.72,757639
SLVP,2025-09-03,23.02,23.315,22.93,23.28,739976
SLVP,2025-09-04,23.0,23.18,22.68,22.8,268160
SLVP,2025-09-05,23.43,23.4794,23.0,23.32,295176
SLVP,2025-09-08,23.9,24.01,23.61,23.97,485392
SLVP,2025-09-09,24.2,24.23,23.53,23.7,432225
SLVP,2025-09-10,24.09,24.52,24.0,24.49,403916
SLVP,2025-09-11,24.6,25.17,24.3,25.14,409840
SLVP,2025-09-12,25.54,25.54,25.1125,25.15,396833
SLVP,2025-09-15,25.29,25.82,25.02,25.65,647133
SLVP,2025-09-16,25.95,25.95,25.0212,25.15,331046
SLVP,2025-09-17,24.57,25.28,24.47,24.57,241547
SLVP,2025-09-18,24.65,24.66,23.85,24.25,410929
SLVP,2025-09-19,24.3,25.4699,24.3,25.22,474613
SLVP,2025-09-22,26.0,26.73,25.68,26.73,747149
SLVP,2025-09-23,27.19,27.19,26.36,26.48,445464
SLVP,2025-09-24,26.48,26.6,25.75,25.83,349004
SLVP,2025-09-25,25.96,26.16,25.73,26.15,267813
SLVP,2025-09-26,26.55,27.0,26.25,26.82,521815
SLVP,2025-09-29,27.67,27.67,26.9422,27.1,874349
SLVP,2025-09-30,26.78,27.6,26.51,27.37,445395
SLVP,2025-10-01,27.68,28.175,27.4,27.57,573810
SLVP,2025-10-02,27.98,27.98,26.21,27.22,536088
SLVP,2025-10-03,27.46,27.6899,27.05,27.3,327789
SLVP,2025-10-06,27.61,28.2698,27.5701,27.77,434311
SLVP,2025-10-07,27.87,27.9623,27.08,27.21,324726
SLVP,2025-10-08,27.88,28.67,27.6301,28.59,715354
COPJ,2025-07-30,25.51,25.51,24.4206,24.44,38649
COPJ,2025-07-31,24.41,24.65,24.2518,24.5,13055
COPJ,2025-08-01,24.5,24.86,24.5,24.7762,8754
COPJ,2025-08-04,25.03,25.26,25.03,25.24,5235
COPJ,2025-08-05,25.05,25.25,24.92,25.105,25866
COPJ,2025-08-06,25.1719,25.36,25.17,25.305,4676
COPJ,2025-08-07,25.6715,25.6715,25.3603,25.49,3531
COPJ,2025-08-08,25.71,26.0,25.71,25.905,4547
COPJ,2025-08-11,25.37,25.83,25.37,25.6709,9059
COPJ,2025-08-12,25.5201,26.45,25.5201,26.27,12029
COPJ,2025-08-13,26.59,26.59,26.25,26.27,3362
COPJ,2025-08-14,26.04,26.04,25.8201,25.8661,6245
COPJ,2025-08-15,26.3,26.56,26.3,26.4931,9219
COPJ,2025-08-18,26.41,26.55,26.29,26.29,4275
COPJ,2025-08-19,26.46,26.7,26.04,26.1301,21781
COPJ,2025-08-20,25.62,26.22,25.5701,26.0825,6508
COPJ,2025-08-21,27.0,27.0,26.12,26.385,6824
COPJ,2025-08-22,26.64,26.9179,26.64,26.8584,4280
COPJ,2025-08-25,27.12,27.1999,26.3708,26.82,7028
COPJ,2025-08-26,26.92,27.27,26.92,27.1546,2990
COPJ,2025-08-27,27.0168,27.09,26.87,26.99,8810
COPJ,2025-08-28,27.05,27.33,27.05,27.24,7450
COPJ,2025-08-29,27.38,27.6466,27.06,27.625,6623
COPJ,2025-09-02,27.8,27.8,27.14,27.335,8439
COPJ,2025-09-03,27.64,27.98,27.58,27.7724,14046
COPJ,2025-09-04,27.63,27.64,27.0001,27.2419,47663
COPJ,2025-09-05,27.77,27.91,27.56,27.88,8349
COPJ,2025-09-08,28.41,28.41,27.703,27.921,14606
COPJ,2025-09-09,28.22,28.24,27.78,27.865,8719
COPJ,2025-09-10,28.04,28.04,27.5999,27.985,16110
COPJ,2025-09-11,28.31,28.983,27.853,28.3867,17393
COPJ,2025-09-12,29.78,29.78,28.11,28.344,26903
COPJ,2025-09-15,28.33,28.82,28.0,28.7381,18941
COPJ,2025-09-16,28.8684,28.8684,28.36,28.5926,31481
COPJ,2025-09-17,28.77,28.77,28.2275,28.37,6638
COPJ,2025-09-18,29.9999,29.9999,28.11,28.385,5667
COPJ,2025-09-19,28.4866,28.78,28.47,28.69,4997
COPJ,2025-09-22,29.18,29.5,28.94,29.3759,32247
COPJ,2025-09-23,30.0,30.0,29.106,29.2194,13696
COPJ,2025-09-24,29.84,30.64,29.8,30.2433,70727
COPJ,2025-09-25,30.46,30.61,30.0221,30.5667,21673
COPJ,2025-09-26,30.85,31.35,30.5655,31.319,18530
COPJ,2025-09-29,31.99,32.4,31.6613,32.255,64146
COPJ,2025-09-30,32.18,32.18,31.5,31.83,25182
COPJ,2025-10-01,32.28,32.65,32.03,32.47,21697
COPJ,2025-10-02,33.18,33.18,31.6401,32.2298,30468
COPJ,2025-10-03,32.99,32.99,32.21,32.44,32636
COPJ,2025-10-06,32.71,33.1099,32.57,32.81,40577
COPJ,2025-10-07,34.59,35.267,34.5642,35.01,70525
COPJ,2025-10-08,35.53,36.1272,35.35,35.97,51561
KEMQ,2025-07-30,22.55,22.59,22.27,22.27,31146
KEMQ,2025-07-31,22.4684,22.57,22.4638,22.4638,1855
KEMQ,2025-08-01,22.23,22.23,21.96,22.0,6203
KEMQ,2025-08-04,22.49,22.5032,22.43,22.5032,3191
KEMQ,2025-08-05,22.6,22.62,22.48,22.5151,3472
KEMQ,2025-08-06,22.6,22.615,22.45,22.615,1527
KEMQ,2025-08-07,22.84,22.97,22.73,22.8245,6136
KEMQ,2025-08-08,22.5815,22.68,22.5815,22.6505,2489
KEMQ,2025-08-11,22.67,22.7285,22.5324,22.5324,1219
KEMQ,2025-08-12,22.8,23.0699,22.8,23.0192,1559
KEMQ,2025-08-13,23.445,23.445,23.25,23.326,1860
KEMQ,2025-08-14,23.01,23.09,22.99,23.0547,1537
KEMQ,2025-08-15,23.32,23.32,23.2937,23.314,6090
KEMQ,2025-08-18,23.55,23.55,23.44,23.5203,3251
KEMQ,2025-08-19,23.53,23.61,23.34,23.34,7211
KEMQ,2025-08-20,23.17,23.2229,23.0308,23.1875,2648
KEMQ,2025-08-21,23.12,23.12,23.085,23.089,1377
KEMQ,2025-08-22,23.6,23.74,23.5914,23.7045,687
KEMQ,2025-08-25,23.89,23.9,23.6962,23.6962,5446
KEMQ,2025-08-26,23.94,23.95,23.7538,23.7538,6896
KEMQ,2025-08-27,23.32,23.385,23.287,23.385,13252
KEMQ,2025-08-28,23.63,23.77,23.6213,23.744,29844
KEMQ,2025-08-29,23.65,23.71,23.61,23.678,5998
KEMQ,2025-09-02,23.2,23.43,23.135,23.413,12733
KEMQ,2025-09-03,23.53,23.58,23.48,23.5481,7565
KEMQ,2025-09-04,23.5337,23.65,23.4363,23.6052,4106
KEMQ,2025-09-05,24.02,24.09,23.84,23.9982,7310
KEMQ,2025-09-08,24.12,24.35,24.12,24.31,34264
KEMQ,2025-09-09,24.57,24.74,24.57,24.74,8957
KEMQ,2025-09-10,24.88,24.9091,24.7463,24.7463,4311
KEMQ,2025-09-11,25.13,25.27,25.13,25.2578,13711
KEMQ,2025-09-12,25.43,25.48,25.335,25.48,88990
KEMQ,2025-09-15,25.73,25.75,25.655,25.7182,39152
KEMQ,2025-09-16,25.81,26.05,25.81,25.9914,6538
KEMQ,2025-09-17,26.4499,26.6,26.43,26.5385,10947
KEMQ,2025-09-18,26.55,26.7699,26.55,26.7159,1830
KEMQ,2025-09-19,26.71,26.71,26.53,26.5592,40103
KEMQ,2025-09-22,26.48,26.5274,26.43,26.5115,7540
KEMQ,2025-09-23,26.32,26.3539,26.09,26.09,6099
KEMQ,2025-09-24,26.23,26.424,26.2198,26.2198,33820
KEMQ,2025-09-25,26.24,26.37,26.1,26.2983,11925
KEMQ,2025-09-26,25.8015,25.94,25.79,25.9221,5617
KEMQ,2025-09-29,26.36,26.52,26.36,26.4047,6314
KEMQ,2025-09-30,26.5,26.61,26.3,26.37,7883
KEMQ,2025-10-01,26.58,26.75,26.58,26.7471,4478
KEMQ,2025-10-02,27.16,27.185,27.0074,27.0917,7683
KEMQ,2025-10-03,27.14,27.19,26.96,27.072,23495
KEMQ,2025-10-06,27.18,27.29,27.1799,27.2439,6705
KEMQ,2025-10-07,27.39,27.39,26.9842,26.9842,365994
KEMQ,2025-10-08,27.06,27.2015,27.06,27.2015,14623
CHAT,2025-07-30,51.1,51.6,50.95,51.27,124195
CHAT,2025-07-31,52.33,52.38,51.33,51.54,287917
CHAT,2025-08-01,50.5,50.5,49.39,49.91,240932
CHAT,2025-08-04,50.59,51.2799,50.59,51.11,195857
CHAT,2025-08-05,51.65,51.8294,50.86,51.2,135059
CHAT,2025-08-06,51.87,52.48,51.7199,52.48,280692
CHAT,2025-08-07,53.16,53.549,52.5,53.08,235200
CHAT,2025-08-08,53.27,53.8299,53.27,53.8,274345
CHAT,2025-08-11,53.98,54.5408,53.7298,53.87,334776
CHAT,2025-08-12,54.27,55.14,54.0,55.14,320253
CHAT,2025-08-13,55.51,55.51,54.45,54.75,318082
CHAT,2025-08-14,54.18,54.5692,54.01,54.25,233179
CHAT,2025-08-15,54.41,54.4356,53.82,54.3,239739
CHAT,2025-08-18,54.56,54.56,53.9401,54.46,256289
CHAT,2025-08-19,54.28,54.28,52.51,52.67,342330
CHAT,2025-08-20,52.01,52.2047,50.73,52.1,300422
CHAT,2025-08-21,51.99,52.22,51.625,51.94,122468
CHAT,2025-08-22,52.22,53.53,52.0,53.28,222745
CHAT,2025-08-25,53.36,53.5599,52.83,53.28,246459
CHAT,2025-08-26,53.4,53.6987,53.3,53.59,129866
CHAT,2025-08-27,53.6,53.88,53.3,53.78,270221
CHAT,2025-08-28,54.18,54.97,54.135,54.84,303842
CHAT,2025-08-29,54.21,54.21,53.27,53.77,198384
CHAT,2025-09-02,52.43,53.06,52.08,52.94,205590
CHAT,2025-09-03,53.34,53.3599,52.8,53.17,105135
CHAT,2025-09-04,53.08,53.48,52.7,53.47,237537
CHAT,2025-09-05,54.3,54.3599,53.11,53.85,215915
CHAT,2025-09-08,54.62,55.17,54.62,54.88,348880
CHAT,2025-09-09,55.97,56.283,55.42,56.24,308525
CHAT,2025-09-10,58.05,58.7,57.88,58.28,440789
CHAT,2025-09-11,58.96,59.1188,58.56,58.58,418350
CHAT,2025-09-12,59.07,59.07,58.31,58.66,626006
CHAT,2025-09-15,59.18,59.53,59.04,59.53,295815
CHAT,2025-09-16,60.0,60.0,59.47,59.78,327672
CHAT,2025-09-17,60.31,60.5,59.303,60.3,438300
CHAT,2025-09-18,60.67,60.999,60.16,60.75,524528
CHAT,2025-09-19,60.95,61.34,60.665,61.21,832997
CHAT,2025-09-22,61.21,62.0,61.0204,61.95,593432
CHAT,2025-09-23,62.07,62.07,60.7,61.04,643203
CHAT,2025-09-24,61.49,61.71,60.6998,61.28,442702
CHAT,2025-09-25,60.59,61.4049,59.83,60.9,252635
CHAT,2025-09-26,60.67,60.67,59.7085,60.35,285829
CHAT,2025-09-29,61.18,61.441,60.88,61.01,348666
CHAT,2025-09-30,61.49,61.5299,61.02,61.5,329741
CHAT,2025-10-01,61.32,62.6076,61.25,62.58,369472
CHAT,2025-10-02,63.57,63.6899,62.865,63.49,786214
CHAT,2025-10-03,63.87,63.8999,62.67,63.09,580871
CHAT,2025-10-06,64.39,64.881,64.18,64.37,659781
CHAT,2025-10-07,64.86,64.9099,63.0671,63.68,827139
CHAT,2025-10-08,63.78,65.1365,63.68,65.09,439321
EPOL,2025-07-30,32.2,32.5,32.05,32.21,498318
EPOL,2025-07-31,31.94,32.01,31.7,31.75,575162
EPOL,2025-08-01,31.83,31.83,31.445,31.7,330594
EPOL,2025-08-04,31.85,31.985,31.82,31.94,305070
EPOL,2025-08-05,31.95,32.01,31.632,31.79,725105
EPOL,2025-08-06,32.35,32.895,32.34,32.84,473013
EPOL,2025-08-07,33.72,33.74,33.26,33.53,393802
EPOL,2025-08-08,33.52,34.01,33.45,33.97,291972
EPOL,2025-08-11,33.68,33.68,33.305,33.44,207878
EPOL,2025-08-12,33.59,33.99,33.54,33.99,117392
EPOL,2025-08-13,33.86,34.09,33.8214,34.07,650872
EPOL,2025-08-14,33.14,33.27,33.0643,33.27,246315
EPOL,2025-08-15,33.56,33.601093,33.43,33.45,155676
EPOL,2025-08-18,33.55,33.64,33.46,33.64,171166
EPOL,2025-08-19,34.07,34.1516,33.73,33.79,590050
EPOL,2025-08-20,34.0,34.0,33.6307,33.78,259510
EPOL,2025-08-21,33.9,34.045,33.13,33.38,2401808
EPOL,2025-08-22,32.42,32.91,32.3,32.7,1090836
EPOL,2025-08-25,32.88,33.16,32.55,32.59,597579
EPOL,2025-08-26,32.75,32.9599,32.7101,32.86,357158
EPOL,2025-08-27,32.09,32.375,31.9485,32.34,764565
EPOL,2025-08-28,32.12,32.21,31.94,32.07,899640
EPOL,2025-08-29,31.72,31.79,31.59,31.7,518756
EPOL,2025-09-02,30.85,31.39,30.84,31.29,642294
EPOL,2025-09-03,31.7,31.7,31.385,31.52,262056
EPOL,2025-09-04,31.95,32.2,31.87,32.13,553751
EPOL,2025-09-05,32.56,32.56,32.02,32.14,628344
EPOL,2025-09-08,32.7,32.93,32.67,32.88,403361
EPOL,2025-09-09,32.52,32.52,32.26,32.38,438352
EPOL,2025-09-10,32.0,32.12,31.76,31.83,372789
EPOL,2025-09-11,32.3,32.62,32.3,32.6,516302
EPOL,2025-09-12,32.29,32.37,32.18,32.28,455791
EPOL,2025-09-15,32.54,32.86,32.5,32.81,435978
EPOL,2025-09-16,32.74,32.74,32.34,32.51,455765
EPOL,2025-09-17,32.43,32.7497,32.2,32.32,479004
EPOL,2025-09-18,32.18,32.19,31.955,32.07,184120
EPOL,2025-09-19,31.96,31.96,31.7,31.76,541827
EPOL,2025-09-22,31.84,32.03,31.74,32.0,255401
EPOL,2025-09-23,32.2,32.275,31.87,32.04,1124342
EPOL,2025-09-24,31.86,32.19,31.86,32.09,459684
EPOL,2025-09-25,31.8,31.84,31.27,31.57,596525
EPOL,2025-09-26,31.75,32.2275,31.75,32.17,192003
EPOL,2025-09-29,32.19,32.235,31.995,32.11,517603
EPOL,2025-09-30,32.11,32.3,31.99,32.2,167017
EPOL,2025-10-01,32.5,32.709,32.46,32.6,455592
EPOL,2025-10-02,32.99,33.09,32.61,32.81,462184
EPOL,2025-10-03,32.85,32.96,32.7501,32.92,249057
EPOL,2025-10-06,32.77,32.78,32.45,32.51,305450
EPOL,2025-10-07,32.78,32.8288,32.49,32.58,605110
EPOL,2025-10-08,32.52,32.68,32.43,32.62,159778
CNXT,2025-07-30,31.49,31.55,31.39,31.42,10781
CNXT,2025-07-31,30.79,30.85,30.6443,30.6443,25501
CNXT,2025-08-01,30.66,30.6782,30.5574,30.62,7281
CNXT,2025-08-04,31.09,31.21,31.03,31.21,6315
CNXT,2025-08-05,31.24,31.37,31.24,31.35,8820
CNXT,2025-08-06,31.47,31.47,31.34,31.4522,4096
CNXT,2025-08-07,31.33,31.33,31.15,31.1905,4479
CNXT,2025-08-08,31.11,31.24,31.1,31.175,6758
CNXT,2025-08-11,31.72,31.72,31.58,31.6085,19958
CNXT,2025-08-12,32.08,32.4104,32.08,32.375,16963
CNXT,2025-08-13,33.5,33.69,33.5,33.69,24444
CNXT,2025-08-14,33.03,33.03,32.7476,32.813,13515
CNXT,2025-08-15,33.88,33.92,33.82,33.9,13976
CNXT,2025-08-18,34.72,34.95,34.63,34.95,32047
CNXT,2025-08-19,34.79,34.85,34.73,34.85,22889
CNXT,2025-08-20,34.96,35.08,34.8,34.95,24947
CNXT,2025-08-21,34.7,34.82,34.6571,34.7,10161
CNXT,2025-08-22,35.99,36.5,35.99,36.4955,30824
CNXT,2025-08-25,36.9,37.17,36.9,37.0468,24882
CNXT,2025-08-26,37.02,37.1,36.95,37.04,29838
CNXT,2025-08-27,36.49,36.56,36.26,36.271,22023
CNXT,2025-08-28,37.97,38.2,37.82,38.1388,38443
CNXT,2025-08-29,39.0,39.29,38.9007,39.28,89426
CNXT,2025-09-02,38.58,38.7499,38.44,38.5686,90714
CNXT,2025-09-03,39.18,39.24,39.028,39.24,26020
CNXT,2025-09-04,37.49,37.71,37.201,37.4775,46743
CNXT,2025-09-05,40.11,40.24,39.95,40.03,64430
CNXT,2025-09-08,39.7,39.99,39.64,39.965,41925
CNXT,2025-09-09,39.02,39.0764,38.9,38.9,27816
CNXT,2025-09-10,39.32,39.32,38.93,39.1988,27052
CNXT,2025-09-11,41.37,41.75,41.29,41.6614,40009
CNXT,2025-09-12,41.04,41.11,40.82,40.9,34708
CNXT,2025-09-15,41.89,41.8991,41.745,41.85,33578
CNXT,2025-09-16,41.9,42.269,41.825,42.21,35059
CNXT,2025-09-17,42.87,43.205,42.79,43.0074,52603
CNXT,2025-09-18,42.03,42.18,41.9008,42.165,50136
CNXT,2025-09-19,42.0,42.0,41.751,41.859,50840
CNXT,2025-09-22,41.95,42.15,41.854,42.1338,29025
CNXT,2025-09-23,42.24,42.42,42.0507,42.09,17683
CNXT,2025-09-24,42.948,43.08,42.8702,42.985,20866
CNXT,2025-09-25,43.71,43.87,43.56,43.7411,47830
CNXT,2025-09-26,42.44,42.6738,42.382,42.62,38896
CNXT,2025-09-29,43.93,44.0,43.72,44.0,29949
CNXT,2025-09-30,43.99,44.14,43.87,44.1362,20578
CNXT,2025-10-01,43.96,44.18,43.96,44.1519,22674
CNXT,2025-10-02,44.45,44.96,44.4401,44.58,55124
CNXT,2025-10-03,44.18,44.43,43.96,44.3608,30366
CNXT,2025-10-06,43.8,44.1395,43.76,44.0826,26609
CNXT,2025-10-07,44.08,44.13,43.94,44.07,25867
CNXT,2025-10-08,43.8,44.07,43.6106,44.05,26012
FGM,2025-07-30,56.0,56.0,55.36,55.4272,1840
FGM,2025-07-31,55.95,55.95,55.3631,55.4857,4876
FGM,2025-08-01,52.93,55.08,52.93,54.9392,2029
FGM,2025-08-04,55.5701,55.6869,55.3503,55.5909,3288
FGM,2025-08-05,55.9452,56.23,55.7861,56.0061,3105
FGM,2025-08-06,56.86,56.88,56.65,56.78,8451
FGM,2025-08-07,58.13,58.13,56.7844,57.2108,57856
FGM,2025-08-08,57.41,57.8054,57.41,57.6044,13224
FGM,2025-08-11,57.72,57.72,56.997,57.0781,2588
FGM,2025-08-12,58.0326,58.0326,57.9286,57.9286,2192
FGM,2025-08-13,58.4199,58.4199,57.92,58.015,1954
FGM,2025-08-14,57.9345,57.9891,57.7201,57.9891,1882
FGM,2025-08-15,58.0929,58.2966,58.0929,58.1778,1526
FGM,2025-08-18,58.3,58.3,57.785,58.1,1783
FGM,2025-08-19,58.41,58.41,57.6681,57.6681,7861
FGM,2025-08-20,57.455,57.6309,57.27,57.6309,10451
FGM,2025-08-21,58.1,58.1,57.4165,57.4165,1686
FGM,2025-08-22,57.36,58.69,57.36,58.4819,1798
FGM,2025-08-25,58.49,58.49,57.6899,57.6899,5249
FGM,2025-08-26,57.86,57.86,57.572,57.6627,2155
FGM,2025-08-27,57.05,57.06,56.45,56.9708,8845
FGM,2025-08-28,57.2187,57.38,57.1974,57.3101,1425
FGM,2025-08-29,57.0,57.31,57.0,57.3029,1303
FGM,2025-09-02,55.89,56.3033,55.89,56.2253,8130
FGM,2025-09-03,56.12,56.1899,56.12,56.1899,394
FGM,2025-09-04,56.3374,56.4784,56.08,56.3867,11807
FGM,2025-09-05,57.1525,57.1525,56.735,56.845,2492
FGM,2025-09-08,57.36,57.5696,57.3501,57.5696,1652
FGM,2025-09-09,56.82,57.0083,56.81,57.0083,1247
FGM,2025-09-10,55.73,57.116,55.73,56.9071,3481
FGM,2025-09-11,57.16,57.66,57.16,57.475,1602
FGM,2025-09-12,57.151,57.4075,57.045,57.395,2539
FGM,2025-09-15,58.115,58.21,57.96,58.09,74021
FGM,2025-09-16,57.83,57.97,57.83,57.9392,771
FGM,2025-09-17,57.73,57.73,57.4867,57.4867,1295
FGM,2025-09-18,57.21,57.705,57.04,57.705,2025
FGM,2025-09-19,57.4,57.41,57.23,57.3496,4536
FGM,2025-09-22,57.49,57.67,57.07,57.67,22434
FGM,2025-09-23,57.87,57.9179,57.6,57.6,639
FGM,2025-09-24,57.611,58.145,57.611,58.1296,2261
FGM,2025-09-25,57.35,57.65,57.35,57.36,1369
FGM,2025-09-26,57.69,57.975,57.69,57.975,974
FGM,2025-09-29,58.23,58.5,58.22,58.3472,3704
FGM,2025-09-30,58.69,58.8076,58.69,58.8076,1862
FGM,2025-10-01,59.42,59.808,59.42,59.6166,6555
FGM,2025-10-02,60.0,60.41,59.89,60.2784,4006
FGM,2025-10-03,60.6,60.6799,60.19,60.4044,9928
FGM,2025-10-06,60.285,60.3359,60.28,60.3359,858
FGM,2025-10-07,60.0942,60.2499,59.7097,59.7097,5991
FGM,2025-10-08,60.01,60.01,59.3199,59.635,3159
DAPP,2025-07-30,17.56,17.735,17.135,17.41,841470
DAPP,2025-07-31,17.69,18.0,17.47,17.5,1264611
DAPP,2025-08-01,16.6,16.63,15.84,16.03,654143
DAPP,2025-08-04,16.28,16.74,15.97,16.74,436718
DAPP,2025-08-05,16.66,16.66,16.1,16.43,586097
DAPP,2025-08-06,16.475,16.92,16.3024,16.91,389791
DAPP,2025-08-07,17.28,17.45,16.55,16.78,981923
DAPP,2025-08-08,17.04,17.076,16.25,16.61,474605
DAPP,2025-08-11,16.87,17.22,16.62,16.67,149396
DAPP,2025-08-12,16.84,16.95,16.6419,16.76,369472
DAPP,2025-08-13,16.73,17.22,16.63,16.88,352694
DAPP,2025-08-14,16.7,17.39,16.63,17.36,432345
DAPP,2025-08-15,17.23,17.34,16.67,17.13,509382
DAPP,2025-08-18,17.245,18.01,17.11,17.77,379982
DAPP,2025-08-19,17.64,17.76,16.58,16.65,569599
DAPP,2025-08-20,16.55,16.95,15.91,16.95,683987
DAPP,2025-08-21,16.62,16.88,16.49,16.76,207491
DAPP,2025-08-22,16.72,17.8499,16.51,17.6,537672
DAPP,2025-08-25,17.27,17.43,16.85,17.22,475281
DAPP,2025-08-26,17.18,17.7,17.07,17.66,300238
DAPP,2025-08-27,17.64,17.79,17.41,17.51,636811
DAPP,2025-08-28,17.71,18.04,17.64,17.71,335721
DAPP,2025-08-29,17.98,18.2517,17.57,17.93,560924
DAPP,2025-09-02,17.53,18.23,17.09,18.02,462033
DAPP,2025-09-03,18.09,18.17,17.28,17.42,555808
DAPP,2025-09-04,17.42,17.42,16.74,16.89,173949
DAPP,2025-09-05,17.27,17.31,16.31,16.94,242544
DAPP,2025-09-08,17.07,17.2197,16.695,17.07,157102
DAPP,2025-09-09,17.3,18.43,17.26,18.41,1033540
DAPP,2025-09-10,18.76,19.39,18.635,19.08,1241251
DAPP,2025-09-11,19.1,19.73,18.89,19.31,1563606
DAPP,2025-09-12,19.37,19.8499,19.31,19.78,480079
DAPP,2025-09-15,20.0,20.32,19.8301,20.29,265363
DAPP,2025-09-16,20.5,20.85,20.0401,20.81,1330448
DAPP,2025-09-17,20.7,21.53,20.26,21.21,749890
DAPP,2025-09-18,21.63,21.98,21.2333,21.7,566852
DAPP,2025-09-19,21.83,22.12,21.56,21.86,639771
DAPP,2025-09-22,21.56,22.5401,21.24,22.49,452753
DAPP,2025-09-23,22.72,22.8185,21.5432,21.75,580895
DAPP,2025-09-24,21.98,22.6,21.85,22.03,769409
DAPP,2025-09-25,21.24,21.486,20.345,20.78,498942
DAPP,2025-09-26,20.7,20.78,19.83,20.58,874499
DAPP,2025-09-29,20.96,21.9,20.96,21.84,572169
DAPP,2025-09-30,21.73,21.98,21.505,21.75,500634
DAPP,2025-10-01,22.05,22.42,21.8101,22.14,400594
DAPP,2025-10-02,22.59,23.29,22.3404,23.22,1101379
DAPP,2025-10-03,23.47,24.3,23.2,23.52,1190501
DAPP,2025-10-06,24.61,24.9998,24.41,24.9,726161
DAPP,2025-10-07,25.4,25.47,23.8,24.79,964100
DAPP,2025-10-08,25.05,25.615,24.53,25.41,573529
AFK,2025-07-30,21.43,21.43,21.0,21.0,12890
AFK,2025-07-31,21.2,21.245,20.89,20.94,13404
AFK,2025-08-01,20.88,20.94,20.75,20.86,8398
AFK,2025-08-04,21.05,21.4799,21.0,21.24,39825
AFK,2025-08-05,21.5,21.5,21.0,21.33,14025
AFK,2025-08-06,21.62,21.65,21.5,21.595,76258
AFK,2025-08-07,21.6,21.9,21.6,21.709,11967
AFK,2025-08-08,21.61,21.85,21.61,21.8288,10091
AFK,2025-08-11,21.9,21.92,21.41,21.6914,67863
AFK,2025-08-12,21.88,21.88,21.61,21.88,57104
AFK,2025-08-13,21.82,21.975,21.695,21.93,14612
AFK,2025-08-14,21.67,21.8759,21.65,21.775,14481
AFK,2025-08-15,21.86,21.9799,21.5037,21.8611,9034
AFK,2025-08-18,21.88,21.88,21.63,21.7701,26814
AFK,2025-08-19,21.8,21.8,21.12,21.5063,28184
AFK,2025-08-20,21.5,21.525,21.2723,21.5096,23342
AFK,2025-08-21,21.52,21.9045,21.3839,21.64,21509
AFK,2025-08-22,21.77,22.2115,21.7238,22.195,15631
AFK,2025-08-25,22.3,22.55,22.2958,22.2958,38119
AFK,2025-08-26,22.42,22.45,22.3479,22.44,20592
AFK,2025-08-27,22.36,22.41,22.14,22.372,121538
AFK,2025-08-28,22.4,22.4,22.12,22.258,27005
AFK,2025-08-29,22.3,22.415,22.2132,22.415,9263
AFK,2025-09-02,22.39,22.45,22.1957,22.45,73965
AFK,2025-09-03,22.49,22.536,22.3235,22.47,12861
AFK,2025-09-04,22.67,22.6815,22.31,22.33,82488
AFK,2025-09-05,22.79,22.910125,22.39,22.6,30650
AFK,2025-09-08,22.63,23.13,22.63,22.83,55762
AFK,2025-09-09,23.07,23.0986,22.8114,22.86,42700
AFK,2025-09-10,22.88,23.1867,22.88,23.07,18370
AFK,2025-09-11,23.21,23.46,23.1295,23.43,49866
AFK,2025-09-12,23.65,23.65,23.32,23.43,33640
AFK,2025-09-15,23.43,23.6543,23.01,23.06,131203
AFK,2025-09-16,23.29,23.6061,23.29,23.43,41162
AFK,2025-09-17,23.43,23.5815,23.4,23.4,24227
AFK,2025-09-18,23.47,23.5602,23.28,23.49,18245
AFK,2025-09-19,23.45,23.84,23.45,23.84,17676
AFK,2025-09-22,23.52,24.076,23.5034,23.93,48385
AFK,2025-09-23,24.16,24.35,23.97,23.99,152266
AFK,2025-09-24,23.96,24.08,23.75,23.83,17671
AFK,2025-09-25,23.98,24.0319,23.65,23.75,59427
AFK,2025-09-26,23.9,24.17,23.875,24.04,32329
AFK,2025-09-29,24.27,24.47,24.14,24.15,70089
AFK,2025-09-30,24.34,24.39,24.21,24.37,59833
AFK,2025-10-01,24.36,24.47,24.151,24.34,101820
AFK,2025-10-02,24.68,24.75,24.005,24.36,23124
AFK,2025-10-03,24.4,24.699,24.37,24.61,25010
AFK,2025-10-06,24.92,24.9968,24.54,24.76,30540
AFK,2025-10-07,24.74,24.877124,24.4,24.73,25323
AFK,2025-10-08,24.73,24.97,24.5,24.91,31105
URA,2025-07-30,40.12,40.78,39.64,40.09,2748590
URA,2025-07-31,40.4,40.4,39.07,39.36,3994218
URA,2025-08-01,38.0,38.47,37.04,38.22,6222041
URA,2025-08-04,38.64,39.52,38.48,39.49,2243782
URA,2025-08-05,39.87,40.56,39.43,40.43,4026151
URA,2025-08-06,40.89,41.69,40.59,41.19,3584217
URA,2025-08-07,41.22,41.43,39.84,40.59,3201358
URA,2025-08-08,40.62,41.4,39.83,39.95,2146627
URA,2025-08-11,39.97,40.37,39.01,39.63,2524948
URA,2025-08-12,39.53,40.5099,39.38,40.41,1838835
URA,2025-08-13,40.56,40.68,38.84,39.45,4508665
URA,2025-08-14,38.98,39.56,38.7472,39.03,2343569
URA,2025-08-15,39.05,39.115,38.035,39.01,2198756
URA,2025-08-18,38.88,39.2,38.46,39.2,2086229
URA,2025-08-19,39.02,39.02,36.85,36.96,4624607
URA,2025-08-20,36.38,36.8,35.64,36.45,4876002
URA,2025-08-21,36.69,37.29,36.66,37.18,2553943
URA,2025-08-22,37.85,39.585,37.725,39.44,4819866
URA,2025-08-25,39.67,39.885,39.1,39.49,2983282
URA,2025-08-26,39.68,41.26,39.58,40.45,4208765
URA,2025-08-27,40.48,40.48,39.675,39.68,3385595
URA,2025-08-28,40.01,41.33,39.91,40.98,4539525
URA,2025-08-29,41.95,42.58,40.3295,40.67,4206668
URA,2025-09-02,39.45,40.65,39.0301,40.62,3257452
URA,2025-09-03,41.09,41.77,40.75,41.34,2811390
URA,2025-09-04,41.16,41.37,40.2013,40.4,2857339
URA,2025-09-05,41.16,41.16,39.67,40.73,3998943
URA,2025-09-08,41.4,41.6799,40.78,41.53,2551019
URA,2025-09-09,41.5,42.405,41.3,41.97,3623093
URA,2025-09-10,42.2,42.87,41.99,42.22,3368425
URA,2025-09-11,42.25,43.09,41.82,42.65,2897979
URA,2025-09-12,42.445,42.48,41.67,42.05,2440241
URA,2025-09-15,42.5,45.99,42.095,45.98,7549774
URA,2025-09-16,46.025,46.04,43.95,44.36,4728374
URA,2025-09-17,44.33,44.78,43.68,44.55,5087471
URA,2025-09-18,45.2,46.18,44.24,45.72,5184105
URA,2025-09-19,45.97,49.5,45.61,49.43,7652712
URA,2025-09-22,49.22,50.76,47.96,50.4,7490932
URA,2025-09-23,50.475,50.89,49.42,50.36,6716783
URA,2025-09-24,50.85,51.39,48.475,48.59,6725780
URA,2025-09-25,46.9,49.4298,46.3501,49.17,5596907
URA,2025-09-26,48.7,49.98,48.02,48.41,3468423
URA,2025-09-29,49.485,49.71,48.4101,48.71,3110092
URA,2025-09-30,48.68,48.87,47.67,47.67,4393241
URA,2025-10-01,48.26,48.73,47.6561,48.26,5739888
URA,2025-10-02,49.38,50.25,48.142,50.2,5412355
URA,2025-10-03,50.3,50.53,48.7,49.6,4383206
URA,2025-10-06,50.73,52.65,50.645,51.21,6453150
URA,2025-10-07,51.96,53.28,50.26,51.21,6827881
URA,2025-10-08,51.75,52.17,50.385,51.02,3598850
ARKW,2025-07-30,156.01,158.66,155.92,157.58,232304
ARKW,2025-07-31,161.1,161.24,157.42,157.97,452109
ARKW,2025-08-01,152.53,152.99,148.27,150.17,1062270
ARKW,2025-08-04,152.2,154.95,151.48,154.75,399867
ARKW,2025-08-05,154.12,155.19,152.0305,152.91,541640
ARKW,2025-08-06,153.49,157.165,153.37,157.09,440515
ARKW,2025-08-07,159.04,159.7,155.44,157.81,438002
ARKW,2025-08-08,157.8,159.3785,157.15,158.77,251422
ARKW,2025-08-11,160.02,163.19,159.51,159.77,685684
ARKW,2025-08-12,162.1,162.5,159.58,162.34,953853
ARKW,2025-08-13,163.18,164.72,161.57,162.15,660889
ARKW,2025-08-14,160.79,161.87,159.05,160.01,882383
ARKW,2025-08-15,159.73,160.03,158.4814,159.7,133963
ARKW,2025-08-18,158.61,160.252,157.7,159.785,342013
ARKW,2025-08-19,159.72,159.75,153.67,154.07,631580
ARKW,2025-08-20,153.09,153.88,149.11,153.62,686587
ARKW,2025-08-21,152.63,153.63,151.59,152.6,371649
ARKW,2025-08-22,152.51,159.46,152.09,158.31,375714
ARKW,2025-08-25,157.5,158.175,155.7,156.45,336692
ARKW,2025-08-26,156.17,157.6839,155.75,157.5,281924
ARKW,2025-08-27,157.54,158.09,156.31,157.24,155130
ARKW,2025-08-28,158.07,159.98,158.07,159.42,190299
ARKW,2025-08-29,158.61,159.092,156.0992,156.66,160856
ARKW,2025-09-02,153.16,155.88,151.95,155.02,277176
ARKW,2025-09-03,155.78,157.11,154.9576,155.81,153869
ARKW,2025-09-04,155.36,155.76,153.72,155.5,167722
ARKW,2025-09-05,157.28,157.9306,152.587,155.6,229633
ARKW,2025-09-08,157.28,158.71,157.029,158.06,250951
ARKW,2025-09-09,158.55,160.05,158.2004,159.75,427175
ARKW,2025-09-10,161.97,162.255,158.7312,159.43,178150
ARKW,2025-09-11,160.36,162.56,159.91,161.98,132450
ARKW,2025-09-12,162.61,163.42,161.67,163.35,130443
ARKW,2025-09-15,164.8,165.69,164.47,165.63,159600
ARKW,2025-09-16,166.46,166.9,164.86,166.78,401547
ARKW,2025-09-17,166.69,167.55,163.5896,166.7,130758
ARKW,2025-09-18,168.2,171.235,168.2,170.41,242117
ARKW,2025-09-19,173.17,174.88,172.29,173.18,650198
ARKW,2025-09-22,172.48,173.15,171.76,172.68,174075
ARKW,2025-09-23,173.64,174.0193,169.88,171.04,195894
ARKW,2025-09-24,172.36,172.727,170.31,171.47,157327
ARKW,2025-09-25,167.44,169.69,164.89,167.38,342443
ARKW,2025-09-26,168.98,169.95,166.1378,169.3,467445
ARKW,2025-09-29,171.41,175.21,171.41,174.76,514679
ARKW,2025-09-30,174.7,175.75,172.915,174.61,149843
ARKW,2025-10-01,173.5,175.69,173.485,174.17,265759
ARKW,2025-10-02,176.76,178.2,174.7,177.67,410192
ARKW,2025-10-03,178.0,178.4899,174.15,176.36,167547
ARKW,2025-10-06,181.0,182.595,179.17,181.09,418967
ARKW,2025-10-07,182.0,182.25,176.0189,177.39,235057
ARKW,2025-10-08,178.99,182.2,177.81,182.2,130677
GREK,2025-07-30,60.88,60.915,60.01,60.44,62128
GREK,2025-07-31,60.55,60.9999,60.15,60.51,96766
GREK,2025-08-01,60.0,60.74,60.0,60.34,88309
GREK,2025-08-04,61.42,62.4965,61.42,62.02,57626
GREK,2025-08-05,62.6,63.1,62.49,62.98,80042
GREK,2025-08-06,63.42,64.3899,63.42,64.2,80903
GREK,2025-08-07,64.49,65.1285,64.43,64.58,85136
GREK,2025-08-08,65.0,65.4274,64.507,65.0692,105062
GREK,2025-08-11,65.42,65.861,65.4075,65.68,56737
GREK,2025-08-12,65.6,66.4,65.38,66.35,57210
GREK,2025-08-13,66.67,67.0084,66.1123,66.81,28243
GREK,2025-08-14,66.55,66.9,66.32,66.53,109523
GREK,2025-08-15,66.97,67.2856,66.6364,66.89,66016
GREK,2025-08-18,66.0,66.0,65.09,65.58,138672
GREK,2025-08-19,66.0,66.16,65.02,65.15,82877
GREK,2025-08-20,65.56,65.947204,65.18,65.4,47364
GREK,2025-08-21,65.37,65.64,65.0,65.2,34732
GREK,2025-08-22,65.46,66.49,65.46,65.995,82386
GREK,2025-08-25,66.46,66.745,65.39,65.62,134672
GREK,2025-08-26,65.0,65.5047,64.51,64.98,199941
GREK,2025-08-27,64.5,64.93,64.3,64.49,163206
GREK,2025-08-28,63.75,64.05,63.1701,63.94,266581
GREK,2025-08-29,63.25,63.5748,62.8757,63.09,273473
GREK,2025-09-02,62.32,62.83,62.075,62.28,263554
GREK,2025-09-03,63.15,63.999,62.95,63.4,150099
GREK,2025-09-04,63.66,63.9399,63.02,63.26,81248
GREK,2025-09-05,63.45,63.7368,63.06,63.4,150456
GREK,2025-09-08,63.4,63.92,63.3,63.86,192693
GREK,2025-09-09,63.74,63.74,63.25,63.6,85029
GREK,2025-09-10,63.51,63.74,63.1795,63.64,150651
GREK,2025-09-11,63.77,64.42,63.77,64.22,103457
GREK,2025-09-12,64.52,65.25,64.52,65.17,71568
GREK,2025-09-15,65.17,65.35,64.88,65.23,183920
GREK,2025-09-16,65.29,65.29,64.51,64.77,161702
GREK,2025-09-17,64.6,64.6069,63.98,64.1,107884
GREK,2025-09-18,64.22,64.515,63.99,64.3,189703
GREK,2025-09-19,64.13,64.71,63.86,64.14,147136
GREK,2025-09-22,64.49,65.0,64.4,64.76,200574
GREK,2025-09-23,65.05,65.5,65.05,65.23,55650
GREK,2025-09-24,65.28,65.28,64.79,65.0,285411
GREK,2025-09-25,64.13,64.25,63.8101,63.96,160569
GREK,2025-09-26,64.18,64.18,63.7578,63.82,204114
GREK,2025-09-29,64.45,64.4757,64.1304,64.27,85119
GREK,2025-09-30,64.12,64.61,64.03,64.4,86127
GREK,2025-10-01,65.25,65.75,65.17,65.56,223623
GREK,2025-10-02,65.47,65.9,65.09,65.25,100593
GREK,2025-10-03,65.85,66.3099,65.85,66.17,28828
GREK,2025-10-06,65.43,65.6005,65.0,65.38,129291
GREK,2025-10-07,65.53,65.71,65.0334,65.33,39825
GREK,2025-10-08,65.71,65.97,65.45,65.62,131504
ARKK,2025-07-30,75.3,76.41,74.75,75.65,11987673
ARKK,2025-07-31,76.72,77.28,75.01,75.33,17266927
ARKK,2025-08-01,72.35,72.46,70.385,71.16,26246935
ARKK,2025-08-04,71.955,73.625,71.5,73.59,9731662
ARKK,2025-08-05,73.26,73.59,72.3,72.63,9371858
ARKK,2025-08-06,72.88,74.16,72.54,74.16,8205488
ARKK,2025-08-07,75.02,75.305,73.265,74.35,8720020
ARKK,2025-08-08,74.87,75.09,74.18,74.76,6488308
ARKK,2025-08-11,75.46,76.895,75.1345,75.23,11199449
ARKK,2025-08-12,76.5,76.88,75.33,76.78,15422801
ARKK,2025-08-13,77.5,78.76,77.17,77.91,25060899
ARKK,2025-08-14,76.94,77.88,76.2153,77.05,19294422
ARKK,2025-08-15,76.95,77.19,76.125,77.01,12790129
ARKK,2025-08-18,76.57,77.365,75.85,77.11,9543108
ARKK,2025-08-19,76.98,76.98,73.94,74.03,17098169
ARKK,2025-08-20,73.52,73.95,71.28,73.78,18239559
ARKK,2025-08-21,73.05,74.02,72.77,73.51,12045995
ARKK,2025-08-22,73.74,77.335,73.2,76.52,16664317
ARKK,2025-08-25,76.24,76.63,75.2854,75.66,9615248
ARKK,2025-08-26,75.69,76.33,75.4,76.27,5633798
ARKK,2025-08-27,76.05,76.34,75.19,75.52,6004400
ARKK,2025-08-28,75.96,76.6,75.65,76.07,6108120
ARKK,2025-08-29,75.92,76.08,74.5,74.96,10811681
ARKK,2025-09-02,73.21,74.85,72.43,74.41,10668412
ARKK,2025-09-03,74.97,75.63,74.29,74.79,5972219
ARKK,2025-09-04,74.7,75.055,73.73,75.02,6565630
ARKK,2025-09-05,75.855,76.17,73.645,75.37,14692253
ARKK,2025-09-08,76.07,76.63,75.725,76.13,7667996
ARKK,2025-09-09,76.24,76.8398,75.385,76.59,9769670
ARKK,2025-09-10,77.35,77.4867,75.3,75.56,9739822
ARKK,2025-09-11,75.96,78.31,75.86,78.3,13324940
ARKK,2025-09-12,78.5,78.675,77.8335,78.57,8478069
ARKK,2025-09-15,79.65,79.98,79.01,79.72,9863835
ARKK,2025-09-16,80.195,81.095,79.27,81.03,9058402
ARKK,2025-09-17,80.91,81.61,78.87,80.67,12960515
ARKK,2025-09-18,81.77,83.345,81.605,83.16,11335953
ARKK,2025-09-19,84.66,85.55,84.18,84.96,23133700
ARKK,2025-09-22,84.49,85.41,84.071,84.69,9436011
ARKK,2025-09-23,85.17,85.33,83.18,83.58,10010376
ARKK,2025-09-24,84.355,84.68,82.95,83.46,10469242
ARKK,2025-09-25,81.46,82.485,80.01,81.63,12221244
ARKK,2025-09-26,82.55,83.16,81.11,83.1,6447851
ARKK,2025-09-29,84.21,86.17,83.8,86.17,12272073
ARKK,2025-09-30,85.3,86.98,84.88,86.3,13662075
ARKK,2025-10-01,85.64,87.67,85.485,86.92,8567372
ARKK,2025-10-02,88.55,89.33,87.26,89.22,7893991
ARKK,2025-10-03,89.49,89.6226,87.19,88.32,7981787
ARKK,2025-10-06,91.09,91.76,89.7,91.59,7081717
ARKK,2025-10-07,91.56,91.76,88.49,89.11,6551260
ARKK,2025-10-08,89.84,92.65,88.82,92.53,7329134
KSTR,2025-07-30,14.42,14.52,14.36,14.36,12698
KSTR,2025-07-31,14.26,14.34,14.2116,14.31,23768
KSTR,2025-08-01,14.13,14.18,14.13,14.14,12649
KSTR,2025-08-04,14.37,14.37,14.3001,14.31,8599
KSTR,2025-08-05,14.39,14.4395,14.35,14.415,10917
KSTR,2025-08-06,14.45,14.6,14.45,14.59,5026
KSTR,2025-08-07,14.6,14.6,14.5651,14.5651,1414
KSTR,2025-08-08,14.39,14.435,14.39,14.41,24454
KSTR,2025-08-11,14.48,14.4999,14.46,14.462,2269
KSTR,2025-08-12,14.79,14.88,14.7706,14.8742,20845
KSTR,2025-08-13,14.965,15.01,14.965,14.99,9953
KSTR,2025-08-14,14.9,14.9249,14.81,14.81,4560
KSTR,2025-08-15,15.06,15.1,15.02,15.02,4155
KSTR,2025-08-18,15.26,15.555,15.26,15.55,24360
KSTR,2025-08-19,15.35,15.35,15.28,15.28,14753
KSTR,2025-08-20,15.79,15.99,15.4,15.99,16552
KSTR,2025-08-21,15.89,15.94,15.8143,15.9,9562
KSTR,2025-08-22,17.05,17.337,16.93,17.21,112686
KSTR,2025-08-25,17.46,17.56,17.39,17.53,97234
KSTR,2025-08-26,17.55,17.6,17.43,17.43,88709
KSTR,2025-08-27,17.27,17.63,17.27,17.52,57446
KSTR,2025-08-28,18.7,18.8294,18.55,18.7,163759
KSTR,2025-08-29,18.63,18.685,18.3501,18.63,130009
KSTR,2025-09-02,18.21,18.33,17.97,18.29,99447
KSTR,2025-09-03,17.97,18.0,17.41,17.89,63505
KSTR,2025-09-04,16.75,16.85,16.55,16.71,100902
KSTR,2025-09-05,17.25,17.58,16.98,17.47,75635
KSTR,2025-09-08,17.62,17.63,17.44,17.61,71177
KSTR,2025-09-09,17.35,17.35,17.22,17.2428,65505
KSTR,2025-09-10,17.47,17.47,17.2801,17.33,69545
KSTR,2025-09-11,18.13,18.2,18.0,18.16,133041
KSTR,2025-09-12,18.3,18.315,18.17,18.3,62500
KSTR,2025-09-15,18.31,18.31,18.22,18.25,144094
KSTR,2025-09-16,18.32,18.43,18.2745,18.43,25635
KSTR,2025-09-17,18.62,18.76,18.44,18.48,204434
KSTR,2025-09-18,18.59,18.59,18.45,18.5,84649
KSTR,2025-09-19,18.45,18.45,18.14,18.14,174025
KSTR,2025-09-22,18.53,18.7,18.53,18.65,58359
KSTR,2025-09-23,18.65,18.75,18.52,18.65,84748
KSTR,2025-09-24,19.21,19.372,19.21,19.3496,66999
KSTR,2025-09-25,19.5,19.525,19.3963,19.5,183404
KSTR,2025-09-26,19.21,19.3361,18.92,19.32,63158
KSTR,2025-09-29,19.63,19.77,19.4976,19.75,188143
KSTR,2025-09-30,19.99,20.12,19.95,20.11,122598
KSTR,2025-10-01,20.0,20.25,20.0,20.08,42884
KSTR,2025-10-02,20.47,20.55,20.24,20.31,110655
KSTR,2025-10-03,20.25,20.25,20.0,20.13,94962
KSTR,2025-10-06,20.12,20.245,20.01,20.22,129842
KSTR,2025-10-07,20.26,20.26,19.9305,19.98,64796
KSTR,2025-10-08,19.98,20.0833,19.86,20.06,65793
DECO,2025-07-30,38.711,38.7449,37.92,38.2629,652
DECO,2025-07-31,39.2733,39.96,38.5,38.5112,1809
DECO,2025-08-01,36.3502,36.3502,36.3502,36.3502,131
DECO,2025-08-04,36.76,37.6036,36.76,37.6036,365
DECO,2025-08-05,37.3828,37.3828,37.3828,37.3828,108
DECO,2025-08-06,37.86,37.9428,37.86,37.9428,1400
DECO,2025-08-07,38.2118,38.2118,38.2118,38.2118,212
DECO,2025-08-08,37.91,38.0855,37.77,38.0148,1718
DECO,2025-08-11,38.8,38.8,38.1544,38.1544,686
DECO,2025-08-12,38.4982,38.7997,38.28,38.7997,1221
DECO,2025-08-13,38.0629,38.3109,38.04,38.3109,1566
DECO,2025-08-14,37.7424,38.3597,37.7424,38.3597,1145
DECO,2025-08-15,38.0055,38.0055,38.0055,38.0055,114
DECO,2025-08-18,38.131,38.9238,38.131,38.9238,992
DECO,2025-08-19,38.05,38.05,37.8764,37.8764,1835
DECO,2025-08-20,36.9349,37.9844,36.9349,37.9844,523
DECO,2025-08-21,37.4866,37.4866,37.4866,37.4866,145
DECO,2025-08-22,38.6611,38.6611,38.6611,38.6611,282
DECO,2025-08-25,38.3102,38.51,38.1918,38.1918,263
DECO,2025-08-26,37.971,38.9841,37.97,38.9841,1174
DECO,2025-08-27,39.34,39.34,39.0403,39.0403,202
DECO,2025-08-28,39.611,39.6699,39.2946,39.2946,699
DECO,2025-08-29,39.0665,39.0665,39.0665,39.0665,82
DECO,2025-09-02,38.99,39.2479,38.99,39.2479,208
DECO,2025-09-03,39.68,39.68,39.0059,39.0059,1287
DECO,2025-09-04,38.571,38.571,38.571,38.571,73
DECO,2025-09-05,38.8193,38.8193,38.8193,38.8193,175
DECO,2025-09-08,39.1796,39.1796,39.1796,39.1796,329
DECO,2025-09-09,39.79,41.17,39.79,41.0904,1533
DECO,2025-09-10,42.73,42.904,42.73,42.904,706
DECO,2025-09-11,43.93,43.93,43.4399,43.4399,1135
DECO,2025-09-12,44.3317,44.3317,44.3317,44.3317,261
DECO,2025-09-15,45.16,45.254,44.8596,45.254,517
DECO,2025-09-16,46.07,46.6034,46.07,46.6034,691
DECO,2025-09-17,46.39,46.9716,46.39,46.9716,1221
DECO,2025-09-18,48.459,48.5616,48.295,48.295,2223
DECO,2025-09-19,48.41,48.41,48.0843,48.0843,1751
DECO,2025-09-22,47.23,48.4916,47.23,48.4916,4533
DECO,2025-09-23,49.05,49.05,47.7422,47.7422,1003
DECO,2025-09-24,48.72,48.72,48.2159,48.2159,614
DECO,2025-09-25,46.02,46.5655,46.02,46.5655,573
DECO,2025-09-26,46.1491,46.5881,46.1491,46.5881,505
DECO,2025-09-29,48.8603,48.8603,48.8603,48.8603,135
DECO,2025-09-30,48.9618,48.9618,48.9618,48.9618,244
DECO,2025-10-01,49.28,49.6297,49.28,49.6297,579
DECO,2025-10-02,50.7235,50.7235,50.7235,50.7235,335
DECO,2025-10-03,51.17,51.3264,51.1566,51.1566,1802
DECO,2025-10-06,52.615,53.02,52.531,52.9405,1369
DECO,2025-10-07,53.76,53.76,51.8089,51.9916,2504
DECO,2025-10-08,52.6495,53.9053,52.5595,53.9053,5441
RING,2025-07-30,44.59,44.98,43.7,43.86,507744
RING,2025-07-31,43.92,44.32,43.5,43.72,198071
RING,2025-08-01,44.77,44.9899,44.03,44.47,362738
RING,2025-08-04,45.35,46.67,45.29,46.67,260832
RING,2025-08-05,46.45,48.15,46.44,48.05,246497
RING,2025-08-06,48.16,48.99,48.16,48.91,367723
RING,2025-08-07,49.61,49.88,49.12,49.42,275980
RING,2025-08-08,49.89,50.18,49.22,49.54,217956
RING,2025-08-11,48.33,49.3,48.0,49.11,337662
RING,2025-08-12,49.43,49.57,48.8506,49.53,203633
RING,2025-08-13,49.93,49.98,49.1,49.32,159150
RING,2025-08-14,49.22,49.59,48.85,49.05,144452
RING,2025-08-15,49.36,49.84,48.81,49.64,230050
RING,2025-08-18,49.88,49.88,49.2126,49.6,126036
RING,2025-08-19,49.4,49.466,48.14,48.17,265735
RING,2025-08-20,48.66,49.6302,48.66,49.58,291135
RING,2025-08-21,49.6,50.71,49.59,50.44,192347
RING,2025-08-22,50.07,51.54,49.685,51.19,691539
RING,2025-08-25,51.4,51.7595,51.29,51.42,167254
RING,2025-08-26,51.68,52.675567,51.56,52.61,254397
RING,2025-08-27,52.27,52.58,51.7201,52.52,250133
RING,2025-08-28,52.5,52.56,51.81,52.25,286725
RING,2025-08-29,52.3,54.01,52.2876,53.91,290670
RING,2025-09-02,55.3,55.705,54.0,55.51,887453
RING,2025-09-03,56.47,56.47,55.3701,55.83,2116541
RING,2025-09-04,55.24,55.68,54.6435,55.22,274046
RING,2025-09-05,56.57,57.34,56.12,56.94,449207
RING,2025-09-08,57.945,58.03,57.05,57.66,547400
RING,2025-09-09,58.2,58.3,57.19,57.34,378222
RING,2025-09-10,58.1,58.97,58.0,58.86,495622
RING,2025-09-11,58.86,59.62,58.43,59.62,385459
RING,2025-09-12,59.96,59.96,59.0048,59.4,270609
RING,2025-09-15,59.285,60.2639,58.975,60.08,399510
RING,2025-09-16,60.25,60.27,58.57,58.83,430123
RING,2025-09-17,58.08,59.63,57.7,58.51,735906
RING,2025-09-18,58.22,58.6661,57.45,58.6,566919
RING,2025-09-19,58.86,61.9799,58.84,61.79,564970
RING,2025-09-22,63.09,63.5,62.13,63.38,734814
RING,2025-09-23,64.05,64.5,63.1409,63.47,718420
RING,2025-09-24,63.465,63.5668,61.835,61.86,537354
RING,2025-09-25,61.86,62.56,61.63,62.36,638696
RING,2025-09-26,62.87,63.91,62.4,63.79,335203
RING,2025-09-29,65.35,65.5291,64.0,64.43,668297
RING,2025-09-30,63.82,65.365,63.5,64.71,815791
RING,2025-10-01,65.39,66.15,65.15,65.57,430063
RING,2025-10-02,66.51,66.51,63.03,65.45,1364656
RING,2025-10-03,65.81,66.1445,65.16,65.62,301989
RING,2025-10-06,66.55,67.613,66.345,66.83,594168
RING,2025-10-07,67.03,67.03,65.22,65.5,463342
RING,2025-10-08,67.15,67.29,66.0872,67.16,482195
DMAT,2025-07-30,18.72,18.82,18.36,18.4193,3447
DMAT,2025-07-31,17.97,17.97,17.565,17.8434,5520
DMAT,2025-08-01,17.91,17.9199,17.8259,17.8894,1882
DMAT,2025-08-04,18.08,18.34,18.07,18.3,8393
DMAT,2025-08-05,18.2691,18.3285,18.2001,18.3285,1463
DMAT,2025-08-06,18.435,18.49,18.435,18.455,2259
DMAT,2025-08-07,18.8,18.92,18.71,18.865,5544
DMAT,2025-08-08,19.0,19.37,19.0,19.19,5027
DMAT,2025-08-11,19.35,19.45,19.33,19.3324,2755
DMAT,2025-08-12,19.3494,19.5199,19.345,19.485,4315
DMAT,2025-08-13,19.7,19.7885,19.67,19.695,3833
DMAT,2025-08-14,19.88,19.88,19.35,19.44,3567
DMAT,2025-08-15,19.679,19.679,19.679,19.679,920
DMAT,2025-08-18,19.8044,19.89,19.74,19.89,2167
DMAT,2025-08-19,19.92,19.92,19.53,19.5657,6087
DMAT,2025-08-20,19.43,19.45,19.2901,19.395,5018
DMAT,2025-08-21,19.54,19.7599,19.51,19.74,4109
DMAT,2025-08-22,20.0821,20.2499,20.0821,20.215,4445
DMAT,2025-08-25,20.32,20.615,20.32,20.51,3826
DMAT,2025-08-26,20.49,20.49,20.21,20.215,5710
DMAT,2025-08-27,20.13,20.33,20.12,20.33,5393
DMAT,2025-08-28,20.49,20.56,20.35,20.44,3320
DMAT,2025-08-29,20.66,20.93,20.66,20.83,6859
DMAT,2025-09-02,20.7,20.8699,20.477,20.8096,21060
DMAT,2025-09-03,21.39,21.39,20.91,21.13,11089
DMAT,2025-09-04,21.62,21.62,20.441,20.615,8101
DMAT,2025-09-05,20.67,21.56,20.67,21.305,5390
DMAT,2025-09-08,21.78,21.78,21.5624,21.718,8571
DMAT,2025-09-09,22.0,22.0,21.32,21.335,9692
DMAT,2025-09-10,22.1,22.1,21.1,21.1,9771
DMAT,2025-09-11,21.47,21.64,21.432,21.5569,5162
DMAT,2025-09-12,21.71,21.7699,21.56,21.6891,4448
DMAT,2025-09-15,22.28,22.28,21.83,21.9908,6841
DMAT,2025-09-16,22.03,22.03,21.76,21.8572,7963
DMAT,2025-09-17,21.9,22.0282,21.7709,21.7709,3175
DMAT,2025-09-18,21.69,21.79,21.14,21.7358,15688
DMAT,2025-09-19,21.79,22.79,21.73,21.9494,6483
DMAT,2025-09-22,21.98,22.24,21.98,22.17,13419
DMAT,2025-09-23,22.45,22.47,22.3,22.39,6255
DMAT,2025-09-24,22.84,22.952,22.723,22.795,12586
DMAT,2025-09-25,22.9,23.34,22.9,23.235,8357
DMAT,2025-09-26,23.28,23.38,23.17,23.315,15270
DMAT,2025-09-29,23.67,23.9583,23.67,23.92,14030
DMAT,2025-09-30,24.02,24.3,24.02,24.2355,8542
DMAT,2025-10-01,24.39,24.59,24.39,24.59,16225
DMAT,2025-10-02,24.7,24.75,24.4229,24.6185,22004
DMAT,2025-10-03,25.0,25.39,24.74,25.0586,25166
DMAT,2025-10-06,25.85,25.97,25.0001,25.365,25899
DMAT,2025-10-07,25.23,25.97,24.8801,25.3,42032
DMAT,2025-10-08,25.81,26.11,25.4865,25.9219,19135
WGMI,2025-07-30,25.17,25.42,24.21,24.71,318165
WGMI,2025-07-31,25.45,26.0723,25.22,25.26,361461
WGMI,2025-08-01,23.78,24.1799,23.01,23.42,590559
WGMI,2025-08-04,23.81,24.8497,23.52,24.83,172294
WGMI,2025-08-05,24.83,24.85,24.04,24.85,445677
WGMI,2025-08-06,24.86,25.75,24.66,25.73,240205
WGMI,2025-08-07,26.16,26.55,24.7804,25.37,391108
WGMI,2025-08-08,25.6,25.72,24.38,24.96,312148
WGMI,2025-08-11,25.46,26.1,24.995,25.06,302158
WGMI,2025-08-12,25.12,25.56,24.89,25.41,104517
WGMI,2025-08-13,25.57,26.02,25.1606,25.5,199763
WGMI,2025-08-14,25.62,26.995,25.45,26.97,411056
WGMI,2025-08-15,26.88,27.21,25.81,26.7,215895
WGMI,2025-08-18,27.05,28.83,26.96,28.29,551714
WGMI,2025-08-19,28.17,28.18,26.265,26.6,442473
WGMI,2025-08-20,26.58,27.31,25.15,27.27,574611
WGMI,2025-08-21,26.6,27.165,26.325,26.88,390173
WGMI,2025-08-22,26.83,28.72,26.4,28.29,401509
WGMI,2025-08-25,27.79,28.86,27.15,28.61,745860
WGMI,2025-08-26,28.26,29.44,28.21,29.39,487625
WGMI,2025-08-27,29.39,29.815,28.9,29.31,280573
WGMI,2025-08-28,29.83,30.43,29.62,29.67,255708
WGMI,2025-08-29,30.64,31.5,29.681,30.62,850510
WGMI,2025-09-02,29.71,32.14,29.22,31.64,617709
WGMI,2025-09-03,32.23,32.26,30.31,30.7,634030
WGMI,2025-09-04,30.3,30.41,29.0201,29.17,291299
WGMI,2025-09-05,29.86,30.2,28.3509,29.45,387491
WGMI,2025-09-08,29.38,30.16,28.88,29.69,317133
WGMI,2025-09-09,31.1,33.191,30.48,33.13,649923
WGMI,2025-09-10,34.01,35.64,33.52,35.49,877353
WGMI,2025-09-11,35.7,36.750285,34.84,35.67,538607
WGMI,2025-09-12,36.17,37.34,35.55,37.32,358838
WGMI,2025-09-15,38.26,38.83,37.29,38.73,494039
WGMI,2025-09-16,38.79,39.97,37.85,39.86,386758
WGMI,2025-09-17,39.225,41.67,38.4408,41.15,457583
WGMI,2025-09-18,42.31,42.31,40.82,41.1,751525
WGMI,2025-09-19,40.83,42.54,40.83,41.56,422432
WGMI,2025-09-22,41.675,44.3099,40.785,43.97,548125
WGMI,2025-09-23,44.915,45.53,42.23,42.9,611526
WGMI,2025-09-24,44.35,46.42,44.0101,45.0,1038749
WGMI,2025-09-25,43.02,44.41,41.11,42.16,1133441
WGMI,2025-09-26,41.45,41.5201,39.21,40.61,685002
WGMI,2025-09-29,41.83,44.24,41.63,44.21,1134903
WGMI,2025-09-30,44.1,44.6,43.3041,44.24,256372
WGMI,2025-10-01,44.82,45.895,44.1,45.07,548015
WGMI,2025-10-02,46.28,47.18,45.26,46.49,905281
WGMI,2025-10-03,47.37,50.11,46.81,48.19,643975
WGMI,2025-10-06,50.76,52.413,50.17,52.29,881873
WGMI,2025-10-07,53.99,54.0,49.928,53.38,964965
WGMI,2025-10-08,53.65,56.13,52.43,55.38,709705
STCE,2025-07-30,54.79,55.39,53.5,54.33,79906
STCE,2025-07-31,55.14,56.3172,54.8,54.83,28515
STCE,2025-08-01,52.36,52.6817,50.41,51.31,69340
STCE,2025-08-04,52.0,53.89,51.5,53.89,35165
STCE,2025-08-05,53.58,53.58,51.96,53.15,31082
STCE,2025-08-06,53.28,54.48,52.67,54.48,31541
STCE,2025-08-07,55.55,56.1,53.43,54.16,53118
STCE,2025-08-08,54.54,54.64,52.58,53.51,35299
STCE,2025-08-11,54.56,55.43,53.67,53.6705,66987
STCE,2025-08-12,54.12,54.5785,53.65,54.31,33716
STCE,2025-08-13,54.97,55.5089,54.1599,54.77,57543
STCE,2025-08-14,54.0,55.59,53.3101,55.55,46722
STCE,2025-08-15,55.74,55.74,53.67,54.82,71755
STCE,2025-08-18,54.97,57.68,54.82,57.24,53441
STCE,2025-08-19,57.43,57.43,53.5,53.97,37550
STCE,2025-08-20,53.95,54.65,51.35,54.65,30353
STCE,2025-08-21,53.91,54.44,53.27,53.94,33098
STCE,2025-08-22,53.86,57.16,53.14,56.81,29337
STCE,2025-08-25,55.97,57.23,54.95,56.79,21728
STCE,2025-08-26,56.63,58.36,56.5,58.29,33629
STCE,2025-08-27,58.21,58.84,57.51,58.1,24380
STCE,2025-08-28,58.85,59.47,58.39,58.49,33498
STCE,2025-08-29,59.72,60.72,58.44,59.72,41153
STCE,2025-09-02,58.27,61.64,57.29,61.065,51383
STCE,2025-09-03,61.99,62.0,59.3176,59.89,48337
STCE,2025-09-04,59.48,59.5234,57.49,57.58,48067
STCE,2025-09-05,58.94,59.0795,55.91,57.52,42019
STCE,2025-09-08,57.91,58.84,57.02,58.29,40949
STCE,2025-09-09,59.41,63.56,59.41,63.54,71568
STCE,2025-09-10,64.59,67.245,64.3679,66.84,81015
STCE,2025-09-11,67.25,68.748,66.3193,67.55,80387
STCE,2025-09-12,68.15,70.14,67.405,70.04,81067
STCE,2025-09-15,71.25,72.25,70.16,72.02,117740
STCE,2025-09-16,72.69,74.04,70.75,73.94,84290
STCE,2025-09-17,73.01,76.34,71.6901,75.87,126967
STCE,2025-09-18,77.53,77.98,75.75,76.47,127923
STCE,2025-09-19,76.37,78.21,76.16,77.0,295555
STCE,2025-09-22,76.71,79.3053,74.69,79.03,99927
STCE,2025-09-23,80.72,81.21,76.44,77.06,149441
STCE,2025-09-24,78.79,81.2388,78.5166,79.55,122497
STCE,2025-09-25,76.56,77.62,72.93,74.28,143794
STCE,2025-09-26,74.23,74.235,71.02,73.11,109932
STCE,2025-09-29,74.7,78.6619,74.7,78.55,115535
STCE,2025-09-30,78.34,79.01,77.25,78.6,64008
STCE,2025-10-01,79.72,81.38,78.76,80.47,110300
STCE,2025-10-02,82.55,84.2899,81.435,84.11,154983
STCE,2025-10-03,86.12,88.715,84.47,85.95,185539
STCE,2025-10-06,89.99,92.2,89.1401,92.01,240124
STCE,2025-10-07,94.48,94.48,88.0,92.46,297009
STCE,2025-10-08,93.84,96.6393,92.1101,96.14,174436
PPLT,2025-07-30,126.15,127.68,117.12,118.76,855811
PPLT,2025-07-31,118.36,118.97,117.24704,117.81,423933
PPLT,2025-08-01,118.55,120.24,117.33,120.05,429962
PPLT,2025-08-04,121.04,123.3854,121.04,121.07,245276
PPLT,2025-08-05,118.9,120.6175,118.68,119.93,203459
PPLT,2025-08-06,120.31,122.28,120.29,121.9,142659
PPLT,2025-08-07,121.55,122.42,120.83,121.89,116399
PPLT,2025-08-08,120.78,121.65,120.54,121.13,185230
PPLT,2025-08-11,120.73,121.62,120.37,120.98,155594
PPLT,2025-08-12,120.28,122.66,120.19,121.98,195704
PPLT,2025-08-13,121.48,122.545,121.3,122.16,217778
PPLT,2025-08-14,122.95,123.86,122.54,123.78,186298
PPLT,2025-08-15,121.37,122.48,121.0,122.34,142379
PPLT,2025-08-18,121.52,122.47,121.2,121.48,175246
PPLT,2025-08-19,122.2,122.51,118.57,119.46,300793
PPLT,2025-08-20,121.0,122.32,121.0,122.2,127516
PPLT,2025-08-21,121.79,123.86,121.02,123.7,175885
PPLT,2025-08-22,122.19,126.2976,121.745,123.98,240538
PPLT,2025-08-25,122.04,123.47,121.5848,122.25,171677
PPLT,2025-08-26,122.26,123.3682,122.2501,123.22,201569
PPLT,2025-08-27,122.42,123.15,122.0101,122.98,143203
PPLT,2025-08-28,122.65,124.2599,122.29,124.05,227002
PPLT,2025-08-29,123.15,125.32,122.78,125.22,244835
PPLT,2025-09-02,125.91,129.2,125.2555,128.08,611841
PPLT,2025-09-03,129.34,131.33,128.71,129.63,438060
PPLT,2025-09-04,126.52,126.69,124.3,125.33,371712
PPLT,2025-09-05,126.3,127.6915,124.7,125.78,707982
PPLT,2025-09-08,126.61,127.67,125.77,126.16,356188
PPLT,2025-09-09,126.24,126.73,123.61,125.0,325089
PPLT,2025-09-10,126.37,127.19,126.1366,126.57,322997
PPLT,2025-09-11,126.38,126.91,126.01,126.29,326966
PPLT,2025-09-12,127.32,128.37,127.32,127.53,345600
PPLT,2025-09-15,126.64,128.31,126.415,128.15,245594
PPLT,2025-09-16,127.49,127.59,125.8608,126.86,221496
PPLT,2025-09-17,125.3,126.72,123.21,123.85,385176
PPLT,2025-09-18,126.22,126.62,125.3666,126.15,314732
PPLT,2025-09-19,127.2,128.63,126.3297,128.46,354507
PPLT,2025-09-22,128.5,130.07,127.6,129.77,558122
PPLT,2025-09-23,134.56,136.643,134.16,134.75,971762
PPLT,2025-09-24,135.11,135.6005,133.81,134.43,298322
PPLT,2025-09-25,136.69,139.95,136.1175,139.89,727680
PPLT,2025-09-26,141.63,144.71,141.2407,143.83,746986
PPLT,2025-09-29,145.62,146.0,144.7206,145.77,603968
PPLT,2025-09-30,141.85,143.9,141.27,142.88,479064
PPLT,2025-10-01,143.24,143.73,140.09,142.07,518023
PPLT,2025-10-02,144.56,144.56,139.31,142.84,458290
PPLT,2025-10-03,146.64,147.4461,144.98,146.39,510265
PPLT,2025-10-06,149.36,149.88,148.09,148.17,453848
PPLT,2025-10-07,148.91,149.4612,146.03,147.79,366860
PPLT,2025-10-08,151.5,152.8899,150.5,152.2,592088
NLR,2025-07-30,115.88,117.52,114.8,115.92,314281
NLR,2025-07-31,116.35,116.3999,113.7,114.6,429809
NLR,2025-08-01,111.48,112.63,108.75,112.05,429087
NLR,2025-08-04,113.47,116.425,113.2258,116.4,688888
NLR,2025-08-05,118.23,120.1,117.01,119.48,696605
NLR,2025-08-06,120.67,122.27,119.75,120.54,585231
NLR,2025-08-07,121.07,121.07,117.629,119.3,665389
NLR,2025-08-08,120.1,121.83,117.6931,118.02,343384
NLR,2025-08-11,118.65,119.26,115.7,117.37,362147
NLR,2025-08-12,117.88,119.38,116.64,119.19,290085
NLR,2025-08-13,120.07,120.07,115.1801,116.36,513630
NLR,2025-08-14,115.86,117.2199,115.19,115.96,254226
NLR,2025-08-15,116.31,116.31,113.4438,115.76,273372
NLR,2025-08-18,115.82,115.82,114.335,115.66,322997
NLR,2025-08-19,115.34,115.34,109.51,109.98,451178
NLR,2025-08-20,109.13,109.55,107.13,108.69,508362
NLR,2025-08-21,110.1,110.8899,109.435,110.46,379007
NLR,2025-08-22,112.32,115.8,111.26,115.16,335534
NLR,2025-08-25,115.87,116.54,114.43,115.22,396080
NLR,2025-08-26,116.44,120.76,116.1901,119.13,787096
NLR,2025-08-27,118.94,118.94,116.71,116.79,445165
NLR,2025-08-28,117.54,119.87,116.9,119.01,475851
NLR,2025-08-29,120.51,122.42,117.82,118.73,403434
NLR,2025-09-02,116.41,118.44,114.294,118.44,354891
NLR,2025-09-03,119.21,120.34,118.09,119.5,424258
NLR,2025-09-04,120.12,120.2,117.3,118.24,243347
NLR,2025-09-05,119.23,119.71,116.06,118.78,373507
NLR,2025-09-08,119.94,120.95,118.9425,120.71,397582
NLR,2025-09-09,120.87,122.82,119.79,122.13,321239
NLR,2025-09-10,122.39,124.5584,122.13,123.04,421780
NLR,2025-09-11,123.27,124.77,122.21,123.53,535180
NLR,2025-09-12,123.25,123.48,121.5,122.38,286418
NLR,2025-09-15,123.76,130.865,122.34,130.72,1067660
NLR,2025-09-16,129.64,130.2,126.13,127.04,645621
NLR,2025-09-17,127.31,128.15,125.59,127.36,542767
NLR,2025-09-18,129.13,130.96,126.63,130.33,772123
NLR,2025-09-19,130.76,137.97,130.01,137.36,1025480
NLR,2025-09-22,137.13,140.71,133.5,140.03,985776
NLR,2025-09-23,140.52,141.1222,137.8031,139.43,904509
NLR,2025-09-24,141.14,141.85,135.65,135.77,599091
NLR,2025-09-25,132.2,138.0,130.6,137.11,900957
NLR,2025-09-26,137.41,139.4,135.1,136.23,503713
NLR,2025-09-29,138.88,138.88,135.6,136.76,547617
NLR,2025-09-30,136.44,137.36,135.05,135.65,742667
NLR,2025-10-01,135.63,138.4199,134.6001,137.51,900976
NLR,2025-10-02,139.97,141.93,137.095,141.89,894017
NLR,2025-10-03,142.08,143.9895,139.28,141.39,831740
NLR,2025-10-06,144.24,148.15,143.49,145.48,971373
NLR,2025-10-07,147.3,150.68,143.53,145.71,1000626
NLR,2025-10-08,147.32,147.871,144.1365,145.54,729823
SIL,2025-07-30,49.0,49.23,47.57,47.94,1429331
SIL,2025-07-31,47.97,47.99,47.18,47.34,1614429
SIL,2025-08-01,48.03,48.4099,47.09,47.58,955973
SIL,2025-08-04,48.28,49.45,48.28,49.33,2185870
SIL,2025-08-05,49.44,50.91,49.12,50.85,2639546
SIL,2025-08-06,51.11,51.91,51.03,51.79,1947902
SIL,2025-08-07,52.91,54.09,52.8,53.83,2597299
SIL,2025-08-08,54.62,54.86,53.78,54.43,1961547
SIL,2025-08-11,53.0,54.25,52.602,53.83,2154234
SIL,2025-08-12,54.38,54.57,53.7104,54.57,1462539
SIL,2025-08-13,55.05,55.065,53.91,54.26,1105394
SIL,2025-08-14,53.88,54.83,53.27,53.8,1679942
SIL,2025-08-15,53.83,54.3931,53.35,54.01,859884
SIL,2025-08-18,54.27,54.28,53.3,53.86,741432
SIL,2025-08-19,53.9,53.9,51.93,52.0,1295196
SIL,2025-08-20,52.5,53.12,52.21,53.02,1382242
SIL,2025-08-21,52.96,54.3,52.94,53.92,947786
SIL,2025-08-22,53.97,55.74,53.46,55.33,1766323
SIL,2025-08-25,55.29,55.48,54.89,54.98,842796
SIL,2025-08-26,55.3,56.0,55.13,55.71,1370336
SIL,2025-08-27,55.42,55.995,54.63,55.95,802623
SIL,2025-08-28,56.53,56.58,55.68,56.35,1224239
SIL,2025-08-29,56.36,58.225,56.15,58.1,2247833
SIL,2025-09-02,60.09,60.11,57.92,59.79,4880743
SIL,2025-09-03,61.08,61.395,60.125,60.94,3075022
SIL,2025-09-04,60.67,60.99,59.8,60.27,2621417
SIL,2025-09-05,61.66,62.17,60.78,61.49,2791614
SIL,2025-09-08,63.05,63.35,62.25,62.89,2759502
SIL,2025-09-09,63.43,63.45,61.77,62.16,1914147
SIL,2025-09-10,62.77,63.81,62.63,63.76,2649759
SIL,2025-09-11,63.77,65.47,63.3,65.4,1723619
SIL,2025-09-12,66.46,66.79,65.53,65.85,1886933
SIL,2025-09-15,65.77,67.76,65.68,67.38,2383772
SIL,2025-09-16,67.86,67.86,65.3,65.34,2387550
SIL,2025-09-17,64.06,66.175,63.78,64.37,2572862
SIL,2025-09-18,64.22,64.22,62.47,64.1,3374269
SIL,2025-09-19,64.01,66.75,64.01,66.52,2980093
SIL,2025-09-22,68.52,69.07,66.985,68.87,3463844
SIL,2025-09-23,69.74,70.0,68.22,68.58,3246595
SIL,2025-09-24,68.69,69.11,67.1,67.21,3171503
SIL,2025-09-25,67.33,68.2699,67.16,68.25,3190203
SIL,2025-09-26,68.79,70.52,68.46,70.0,2681761
SIL,2025-09-29,71.95,71.98,70.76,71.01,3675934
SIL,2025-09-30,70.08,72.38,69.68,71.63,2242736
SIL,2025-10-01,72.455,73.6,71.43,71.89,3880050
SIL,2025-10-02,72.86,72.86,68.34,71.25,4346631
SIL,2025-10-03,71.79,72.42,70.58,70.95,1872425
SIL,2025-10-06,71.88,73.56,71.825,72.31,1854719
SIL,2025-10-07,72.4,72.4,70.59,71.08,2112223
SIL,2025-10-08,72.77,73.98,72.17,73.95,1866882
PSIL,2025-07-30,16.4797,16.84,16.46,16.46,15393
PSIL,2025-07-31,16.5384,16.91,16.3575,16.7401,21319
PSIL,2025-08-01,16.2,16.2491,15.61,16.125,16658
PSIL,2025-08-04,16.51,16.84,16.16,16.84,10644
PSIL,2025-08-05,17.2,17.2,16.5669,16.77,12848
PSIL,2025-08-06,16.62,16.62,16.0,16.32,16792
PSIL,2025-08-07,16.37,16.76,16.37,16.51,15027
PSIL,2025-08-08,16.5,16.6767,16.25,16.6767,11223
PSIL,2025-08-11,16.75,16.8,16.0123,16.0924,42797
PSIL,2025-08-12,16.33,16.33,16.02,16.25,7168
PSIL,2025-08-13,16.17,16.53,16.122,16.3607,9391
PSIL,2025-08-14,16.45,16.45,16.08,16.27,9602
PSIL,2025-08-15,16.1808,16.33,15.84,16.22,14099
PSIL,2025-08-18,16.27,16.52,16.27,16.387,8392
PSIL,2025-08-19,16.54,16.54,15.79,15.79,5288
PSIL,2025-08-20,15.57,15.7733,15.3601,15.7733,11861
PSIL,2025-08-21,15.82,16.3767,15.8,16.3137,11807
PSIL,2025-08-22,16.4099,16.99,16.3598,16.915,12785
PSIL,2025-08-25,17.0,17.81,16.95,16.99,37097
PSIL,2025-08-26,16.98,17.11,16.971,17.0425,7328
PSIL,2025-08-27,17.165,17.58,17.06,17.535,11945
PSIL,2025-08-28,17.55,17.555,17.15,17.5469,15270
PSIL,2025-08-29,17.6,17.6,16.92,17.07,11998
PSIL,2025-09-02,16.76,17.6299,16.701,17.285,13378
PSIL,2025-09-03,17.37,17.73,17.2789,17.33,12378
PSIL,2025-09-04,17.45,17.4571,17.2,17.36,13509
PSIL,2025-09-05,17.4001,17.63,17.4001,17.63,4695
PSIL,2025-09-08,17.75,17.75,17.3405,17.75,15497
PSIL,2025-09-09,17.6374,18.216,17.3201,18.216,8596
PSIL,2025-09-10,18.4,18.4,17.775,17.8929,11926
PSIL,2025-09-11,17.72,18.0,17.72,17.95,9096
PSIL,2025-09-12,17.61,17.7099,17.55,17.61,15471
PSIL,2025-09-15,17.62,17.7388,17.51,17.6596,7473
PSIL,2025-09-16,17.9,17.9,17.4,17.4393,11280
PSIL,2025-09-17,17.19,17.4935,16.87,16.87,10574
PSIL,2025-09-18,17.02,17.5742,17.02,17.49,9353
PSIL,2025-09-19,17.68,17.8095,17.335,17.54,8519
PSIL,2025-09-22,17.62,17.62,17.2455,17.58,8059
PSIL,2025-09-23,17.57,18.5,17.57,18.1854,86654
PSIL,2025-09-24,18.27,18.78,18.14,18.7487,12829
PSIL,2025-09-25,18.8,18.8,18.1,18.1443,14010
PSIL,2025-09-26,18.01,18.479,18.01,18.445,17410
PSIL,2025-09-29,18.98,19.11,18.5401,19.11,19744
PSIL,2025-09-30,18.75,19.19,18.75,18.9785,10749
PSIL,2025-10-01,19.16,19.49,18.93,19.43,26927
PSIL,2025-10-02,19.47,20.005,19.2,19.649,22048
PSIL,2025-10-03,19.85,20.16,19.6101,19.8934,23540
PSIL,2025-10-06,20.01,20.1809,20.0,20.128,19417
PSIL,2025-10-07,20.25,20.27,20.01,20.2591,25199
PSIL,2025-10-08,20.37,20.5015,19.693,20.4716,45651
BKCH,2025-07-30,58.92,59.42,56.75,57.63,34483
BKCH,2025-07-31,59.03,60.65,58.795,58.96,37851
BKCH,2025-08-01,55.0,55.38,52.485,53.55,91221
BKCH,2025-08-04,54.5,56.315,53.697,56.19,34930
BKCH,2025-08-05,56.0,56.03,54.2601,55.9,72668
BKCH,2025-08-06,55.9,57.34,55.22,57.34,34651
BKCH,2025-08-07,58.59,58.59,55.6427,56.81,33389
BKCH,2025-08-08,57.3,57.83,54.39,55.96,51632
BKCH,2025-08-11,56.91,58.354,56.07,56.195,50168
BKCH,2025-08-12,56.5,57.71,56.2,57.21,73688
BKCH,2025-08-13,57.81,58.95,56.86,57.83,52319
BKCH,2025-08-14,57.65,60.4637,57.21,60.31,571442
BKCH,2025-08-15,60.4,60.4,58.25,59.11,57702
BKCH,2025-08-18,60.48,63.05,59.34,61.84,67689
BKCH,2025-08-19,61.48,61.8,57.55,58.26,75631
BKCH,2025-08-20,57.96,59.4499,55.6066,59.42,51673
BKCH,2025-08-21,58.52,59.21,57.63,58.56,39241
BKCH,2025-08-22,58.69,62.84,58.0294,61.95,66960
BKCH,2025-08-25,60.38,61.65,58.99,61.06,28831
BKCH,2025-08-26,60.33,62.78,60.3,62.27,250320
BKCH,2025-08-27,62.25,63.4394,62.16,62.54,24449
BKCH,2025-08-28,63.5,64.5102,63.09,63.2344,28576
BKCH,2025-08-29,64.0,64.63,62.068,63.81,29249
BKCH,2025-09-02,62.32,65.2099,61.0,64.2794,37914
BKCH,2025-09-03,65.0,65.6,61.25,62.7751,30077
BKCH,2025-09-04,63.8,63.8,60.35,60.62,34916
BKCH,2025-09-05,61.83,62.21,58.81,60.75,35826
BKCH,2025-09-08,60.74,62.09,60.1962,61.55,26110
BKCH,2025-09-09,62.9,67.56,62.5893,67.4,77646
BKCH,2025-09-10,68.0,71.4199,67.44,70.77,67408
BKCH,2025-09-11,70.0,73.25,70.0,71.42,52828
BKCH,2025-09-12,71.42,74.05,71.33,74.05,47422
BKCH,2025-09-15,75.23,76.0,74.195,75.92,44972
BKCH,2025-09-16,76.37,78.61,74.63,78.23,53915
BKCH,2025-09-17,77.81,80.88,76.38,80.27,61203
BKCH,2025-09-18,82.26,83.3135,79.87,81.85,159940
BKCH,2025-09-19,80.76,83.15,80.76,81.63,55580
BKCH,2025-09-22,80.52,85.54,79.16,85.09,67622
BKCH,2025-09-23,86.89,87.27,82.01,82.6,132292
BKCH,2025-09-24,84.51,88.11,84.51,85.33,67121
BKCH,2025-09-25,82.49,83.6401,78.46,80.15,111204
BKCH,2025-09-26,79.98,80.18,76.37,79.04,88049
BKCH,2025-09-29,81.38,86.5,80.985,86.33,67144
BKCH,2025-09-30,86.4,86.94,84.915,86.28,37610
BKCH,2025-10-01,87.59,89.28,86.5,88.19,41879
BKCH,2025-10-02,90.88,93.06,89.78,92.08,134056
BKCH,2025-10-03,93.49,97.86,92.6901,94.55,109285
BKCH,2025-10-06,99.12,101.89,98.72,101.5,165097
BKCH,2025-10-07,104.26,104.53,96.59,102.13,192565
BKCH,2025-10-08,103.01,106.987,101.55,105.13,168451
SHLD,2025-07-30,61.26,61.48,60.8701,61.08,685629
SHLD,2025-07-31,61.51,61.67,61.1924,61.32,744993
SHLD,2025-08-01,60.71,61.0958,59.86,60.88,1089469
SHLD,2025-08-04,61.5,61.9699,61.29,61.96,795173
SHLD,2025-08-05,63.0,63.42,62.7,63.12,1246405
SHLD,2025-08-06,62.98,63.7234,62.77,63.63,927454
SHLD,2025-08-07,62.815,63.13,62.08,62.51,1249994
SHLD,2025-08-08,62.5,62.9,61.78,61.81,1028366
SHLD,2025-08-11,61.51,61.65,61.07,61.19,846428
SHLD,2025-08-12,61.47,62.14,61.19,62.14,574094
SHLD,2025-08-13,62.61,62.86,62.02,62.56,748710
SHLD,2025-08-14,62.78,63.2399,62.5387,62.71,580382
SHLD,2025-08-15,62.38,62.38,61.755,62.28,522474
SHLD,2025-08-18,62.7,62.971,62.558,62.81,486740
SHLD,2025-08-19,61.29,61.29,60.03,60.2,1616230
SHLD,2025-08-20,59.91,60.5,59.46,60.38,1003725
SHLD,2025-08-21,60.88,61.2281,60.71,61.1,635525
SHLD,2025-08-22,61.54,62.32,61.41,61.85,703203
SHLD,2025-08-25,62.01,62.32,61.93,61.93,504898
SHLD,2025-08-26,61.89,62.71,61.82,62.68,520226
SHLD,2025-08-27,62.56,62.56,62.1774,62.38,418538
SHLD,2025-08-28,62.42,62.62,62.24,62.54,500749
SHLD,2025-08-29,62.55,62.85,62.15,62.26,429436
SHLD,2025-09-02,61.99,62.58,61.8007,62.52,718745
SHLD,2025-09-03,62.8,62.8,62.1,62.34,517632
SHLD,2025-09-04,61.99,62.115,61.48,62.0,466779
SHLD,2025-09-05,62.49,62.54,61.44,62.12,358012
SHLD,2025-09-08,62.38,62.7098,62.22,62.68,453444
SHLD,2025-09-09,62.34,62.48,61.87,62.44,579176
SHLD,2025-09-10,63.0,63.82,63.0,63.79,786490
SHLD,2025-09-11,64.5,65.39,64.2,65.34,1390346
SHLD,2025-09-12,65.34,65.7,65.062,65.54,479600
SHLD,2025-09-15,65.96,66.4,65.5609,66.36,666495
SHLD,2025-09-16,66.73,67.0588,66.22,66.82,8561046
SHLD,2025-09-17,66.5,66.82,65.68,66.03,2281201
SHLD,2025-09-18,65.93,66.65,65.34,66.51,1958558
SHLD,2025-09-19,66.51,66.86,66.32,66.59,1466902
SHLD,2025-09-22,66.53,67.3,66.53,67.26,1109808
SHLD,2025-09-23,67.11,67.58,66.71,67.12,2032892
SHLD,2025-09-24,67.93,68.31,67.64,67.83,2158162
SHLD,2025-09-25,67.44,67.94,67.07,67.6,1169036
SHLD,2025-09-26,67.65,68.3,67.65,68.22,1054177
SHLD,2025-09-29,69.55,69.64,68.87,69.01,1663890
SHLD,2025-09-30,69.15,70.29,69.11,70.24,1542298
SHLD,2025-10-01,69.66,70.34,69.288,70.22,1883337
SHLD,2025-10-02,70.76,70.92,70.29,70.81,1604003
SHLD,2025-10-03,71.08,71.1399,70.3302,70.55,1724568
SHLD,2025-10-06,70.76,71.32,70.69,71.07,1172680
SHLD,2025-10-07,70.73,70.95,70.2401,70.5,1123633
SHLD,2025-10-08,71.21,71.54,70.91,71.51,1456634
BITQ,2025-07-30,20.41,20.75,20.12,20.4,161623
BITQ,2025-07-31,20.7,21.0549,20.39,20.39,139148
BITQ,2025-08-01,19.39,19.45,18.68,18.9,481715
BITQ,2025-08-04,19.18,19.64,18.84,19.64,267326
BITQ,2025-08-05,19.31,19.3824,18.85,19.24,144993
BITQ,2025-08-06,19.23,19.67,19.0,19.63,483511
BITQ,2025-08-07,20.04,20.26,19.4,19.72,740084
BITQ,2025-08-08,19.85,19.85,19.22,19.57,387887
BITQ,2025-08-11,19.85,20.26,19.66,19.76,368266
BITQ,2025-08-12,19.88,20.0299,19.62,19.71,292775
BITQ,2025-08-13,19.76,20.179,19.49,19.66,535641
BITQ,2025-08-14,19.57,20.0253,19.24,20.0,315327
BITQ,2025-08-15,19.89,19.9662,19.378,19.76,161931
BITQ,2025-08-18,19.73,20.5645,19.61,20.27,218897
BITQ,2025-08-19,20.22,20.22,19.0513,19.24,267476
BITQ,2025-08-20,19.08,19.54,18.39,19.43,195303
BITQ,2025-08-21,19.17,19.47,19.0418,19.25,260859
BITQ,2025-08-22,19.17,20.43,19.01,20.11,291980
BITQ,2025-08-25,19.87,20.0527,19.43,19.91,137753
BITQ,2025-08-26,19.74,20.28,19.6052,20.27,165773
BITQ,2025-08-27,20.27,20.3799,20.01,20.13,148436
BITQ,2025-08-28,20.32,20.6655,20.23,20.31,159712
BITQ,2025-08-29,20.53,20.8204,20.13,20.44,199046
BITQ,2025-09-02,20.0,20.975,19.7759,20.78,141848
BITQ,2025-09-03,20.88,20.99,20.12,20.28,73462
BITQ,2025-09-04,20.17,20.17,19.59,19.7,142490
BITQ,2025-09-05,20.02,20.05,19.069,19.68,388622
BITQ,2025-09-08,19.78,20.0638,19.462,19.81,133877
BITQ,2025-09-09,20.25,21.17,20.14,21.14,128465
BITQ,2025-09-10,21.5,22.14,21.5,21.91,132146
BITQ,2025-09-11,21.88,22.5297,21.6058,22.17,417229
BITQ,2025-09-12,22.14,22.62,21.97,22.5,776628
BITQ,2025-09-15,22.75,23.15,22.57,23.07,161651
BITQ,2025-09-16,23.2,23.61,22.79,23.57,127633
BITQ,2025-09-17,23.37,24.02,22.94,23.9,183550
BITQ,2025-09-18,24.25,24.7547,23.7504,24.32,238471
BITQ,2025-09-19,24.45,24.8,24.26,24.59,155252
BITQ,2025-09-22,24.5,25.27,23.93,25.09,183595
BITQ,2025-09-23,25.46,25.7,24.5605,24.76,203614
BITQ,2025-09-24,25.14,25.87,25.1,25.14,185971
BITQ,2025-09-25,24.35,24.7799,23.5,23.91,221560
BITQ,2025-09-26,23.84,23.84,22.9252,23.48,159299
BITQ,2025-09-29,23.94,25.14,23.9202,25.12,143706
BITQ,2025-09-30,25.08,25.2465,24.81,25.07,212737
BITQ,2025-10-01,25.27,25.735,25.07,25.46,171273
BITQ,2025-10-02,25.99,26.5886,25.6255,26.5,285123
BITQ,2025-10-03,26.74,27.69,26.5307,26.91,264849
BITQ,2025-10-06,27.89,28.36,27.84,28.34,926481
BITQ,2025-10-07,28.66,28.72,27.1,28.16,314318
BITQ,2025-10-08,28.37,29.05,27.89,28.79,234053
HYDR,2025-07-30,24.75,24.96,24.4,24.68,9140
HYDR,2025-07-31,24.66,24.815,24.33,24.3864,24014
HYDR,2025-08-01,23.23,23.46,22.67,23.02,30273
HYDR,2025-08-04,23.72,23.72,23.31,23.64,11435
HYDR,2025-08-05,23.7,24.19,23.7,23.8563,11253
HYDR,2025-08-06,24.18,24.18,23.9225,23.925,10031
HYDR,2025-08-07,24.18,24.4195,23.4701,23.7,11571
HYDR,2025-08-08,24.16,24.16,23.8001,23.9298,7663
HYDR,2025-08-11,23.88,24.14,23.88,23.9485,9392
HYDR,2025-08-12,23.9399,24.25,23.68,24.2103,5993
HYDR,2025-08-13,24.42,25.51,24.42,25.08,18601
HYDR,2025-08-14,24.88,25.56,24.88,25.38,54790
HYDR,2025-08-15,25.43,25.9,25.0295,25.5962,26125
HYDR,2025-08-18,25.84,25.99,25.51,25.8566,14862
HYDR,2025-08-19,25.83,25.83,24.97,25.035,7657
HYDR,2025-08-20,24.61,24.79,24.14,24.7485,28366
HYDR,2025-08-21,24.69,24.92,24.61,24.7459,17116
HYDR,2025-08-22,24.86,26.3169,24.86,26.245,33235
HYDR,2025-08-25,26.2,26.43,26.06,26.2884,20664
HYDR,2025-08-26,26.27,26.5223,26.2419,26.325,13189
HYDR,2025-08-27,26.3,26.3,26.08,26.2017,11108
HYDR,2025-08-28,26.0,26.81,26.0,26.735,13619
HYDR,2025-08-29,26.595,26.62,26.37,26.4354,25129
HYDR,2025-09-02,25.55,25.58,25.0011,25.2331,20220
HYDR,2025-09-03,25.97,25.97,25.368,25.42,5513
HYDR,2025-09-04,25.33,25.58,25.2312,25.379,9935
HYDR,2025-09-05,26.32,26.32,25.5157,26.0619,10361
HYDR,2025-09-08,26.29,26.3423,25.66,25.7025,32189
HYDR,2025-09-09,25.79,26.03,25.55,25.9359,10399
HYDR,2025-09-10,26.7,27.69,26.69,27.25,27861
HYDR,2025-09-11,27.86,28.8981,27.86,28.7442,21106
HYDR,2025-09-12,28.81,29.05,28.27,29.05,28837
HYDR,2025-09-15,29.44,29.45,29.0001,29.3836,31077
HYDR,2025-09-16,29.97,30.33,29.48,30.2406,34302
HYDR,2025-09-17,30.58,32.57,30.4668,32.4535,59840
HYDR,2025-09-18,33.68,34.32,32.74,34.02,58754
HYDR,2025-09-19,34.43,34.99,34.03,34.4716,37660
HYDR,2025-09-22,34.46,36.64,33.9861,36.5773,46411
HYDR,2025-09-23,37.71,38.15,34.86,35.1325,104986
HYDR,2025-09-24,33.41,34.254,33.05,33.47,76251
HYDR,2025-09-25,32.13,32.84,31.6,32.73,41076
HYDR,2025-09-26,32.98,33.34,32.4001,33.34,111213
HYDR,2025-09-29,33.45,33.5,32.9174,33.0936,34852
HYDR,2025-09-30,32.69,34.65,32.4801,34.4566,18799
HYDR,2025-10-01,34.39,37.55,34.39,37.55,93221
HYDR,2025-10-02,37.6,37.6,36.28,37.0588,30146
HYDR,2025-10-03,38.43,42.17,38.43,41.3375,85400
HYDR,2025-10-06,44.38,45.33,41.68,42.85,154615
HYDR,2025-10-07,43.17,43.495,40.66,41.55,78231
HYDR,2025-10-08,41.44,41.77,40.03,40.61,188749
IBLC,2025-07-30,42.4,42.5,41.9375,41.9375,3772
IBLC,2025-07-31,42.64,43.34,42.2868,42.2868,10308
IBLC,2025-08-01,39.92,40.08,38.378,39.1253,35621
IBLC,2025-08-04,39.78,40.7108,39.53,40.7108,8239
IBLC,2025-08-05,40.52,40.52,39.39,40.1623,5835
IBLC,2025-08-06,40.19,40.9201,39.89,40.9201,4187
IBLC,2025-08-07,41.71,42.19,40.32,40.9354,26057
IBLC,2025-08-08,41.25,41.25,39.76,40.4455,25794
IBLC,2025-08-11,41.17,41.9,40.65,40.6581,13421
IBLC,2025-08-12,41.07,41.37,40.691,41.21,38807
IBLC,2025-08-13,41.62,42.26,41.29,41.604,13919
IBLC,2025-08-14,41.6594,42.72,41.2209,42.717,6586
IBLC,2025-08-15,42.64,42.74,41.5998,42.2738,10055
IBLC,2025-08-18,42.28,44.0,42.28,43.5919,8149
IBLC,2025-08-19,43.25,43.25,41.01,41.3861,24542
IBLC,2025-08-20,41.26,41.9734,39.76,41.9734,19014
IBLC,2025-08-21,41.46,41.85,41.2975,41.5625,3363
IBLC,2025-08-22,41.53,43.905,41.53,43.53,8471
IBLC,2025-08-25,42.77,43.41,42.09,43.1381,11677
IBLC,2025-08-26,42.84,44.04,42.84,44.04,7345
IBLC,2025-08-27,43.73,44.2,43.73,43.883,4141
IBLC,2025-08-28,44.52,45.0,44.23,44.2902,12441
IBLC,2025-08-29,44.81,44.96,43.9315,44.5061,14755
IBLC,2025-09-02,43.46,45.402,43.46,45.1101,9382
IBLC,2025-09-03,45.49,45.68,43.965,44.3,8687
IBLC,2025-09-04,43.99,43.99,43.0,43.095,9808
IBLC,2025-09-05,43.91,43.91,41.87,42.9507,15908
IBLC,2025-09-08,43.32,43.9301,42.655,43.5301,18472
IBLC,2025-09-09,44.73,46.8106,44.45,46.7938,23015
IBLC,2025-09-10,47.74,48.9892,47.74,48.5568,17499
IBLC,2025-09-11,49.22,49.88,48.66,48.9856,18961
IBLC,2025-09-12,49.52,50.0696,49.23,50.0696,29019
IBLC,2025-09-15,50.76,51.4165,50.2,51.4165,26134
IBLC,2025-09-16,51.73,52.6196,50.805,52.6196,21521
IBLC,2025-09-17,52.26,53.665,51.4,53.4958,20875
IBLC,2025-09-18,54.14,55.0,53.2225,54.3112,18394
IBLC,2025-09-19,54.21,55.23,54.07,54.5345,26464
IBLC,2025-09-22,53.85,55.23,53.01,55.11,22924
IBLC,2025-09-23,55.68,55.97,53.5285,53.7915,74167
IBLC,2025-09-24,54.92,55.8,54.3,54.7572,32078
IBLC,2025-09-25,53.04,53.93,51.595,52.32,13582
IBLC,2025-09-26,52.18,52.3383,50.16,51.93,44925
IBLC,2025-09-29,53.08,55.269,53.08,55.1879,18631
IBLC,2025-09-30,55.1,55.6,54.762,55.3868,20232
IBLC,2025-10-01,55.86,56.46,55.31,55.7987,28348
IBLC,2025-10-02,57.15,58.819,56.8283,58.573,22548
IBLC,2025-10-03,59.12,60.91,58.44,59.3639,39750
IBLC,2025-10-06,62.33,62.98,61.7799,62.8473,38253
IBLC,2025-10-07,64.38,64.38,60.4716,62.92,43866
IBLC,2025-10-08,63.42,64.56,62.39,64.34,40304
GDX,2025-07-30,52.55,52.95,51.52,51.78,21662119
GDX,2025-07-31,52.02,52.32,51.365,51.64,16429374
GDX,2025-08-01,52.74,53.0585,51.935,52.45,20409387
GDX,2025-08-04,53.17,55.05,53.16,54.94,27343207
GDX,2025-08-05,54.61,56.655,54.57,56.46,32074393
GDX,2025-08-06,56.49,57.39,56.48,57.39,16683995
GDX,2025-08-07,57.91,58.48,57.6122,57.94,22573157
GDX,2025-08-08,58.43,58.81,57.84,58.06,18210715
GDX,2025-08-11,56.59,57.995,56.34,57.69,17523461
GDX,2025-08-12,57.83,58.23,57.37,58.21,11594165
GDX,2025-08-13,58.655,58.77,57.8657,58.07,10707245
GDX,2025-08-14,57.65,58.53,57.42,57.7,11226934
GDX,2025-08-15,57.795,58.56,57.34,58.28,13540572
GDX,2025-08-18,58.2,58.42,57.695,58.1,8505904
GDX,2025-08-19,57.84,58.035,56.59,56.6,15274267
GDX,2025-08-20,57.245,58.33,57.19,58.32,15489908
GDX,2025-08-21,58.165,59.69,58.11,59.29,17900243
GDX,2025-08-22,58.785,60.68,58.38,60.18,19540540
GDX,2025-08-25,60.39,60.79,60.17,60.26,8388430
GDX,2025-08-26,60.56,61.6,60.44,61.6,17598207
GDX,2025-08-27,61.05,61.48,60.47,61.48,10691641
GDX,2025-08-28,61.4,61.615,60.7,61.33,15854823
GDX,2025-08-29,61.21,63.23,61.21,63.17,19954360
GDX,2025-09-02,64.39,65.065,63.2,64.8,41939575
GDX,2025-09-03,65.476,65.825,64.71,65.2,25768664
GDX,2025-09-04,64.365,64.94,63.89,64.57,24753708
GDX,2025-09-05,66.005,66.87,65.16,66.34,31720222
GDX,2025-09-08,67.23,67.4135,66.49,67.24,24932728
GDX,2025-09-09,67.65,67.94,66.67,66.85,24429988
GDX,2025-09-10,67.47,68.5891,67.46,68.5,18297285
GDX,2025-09-11,68.24,69.76,68.085,69.76,18762120
GDX,2025-09-12,69.955,70.11,69.24,69.75,13891072
GDX,2025-09-15,69.3,70.76,69.151,70.48,16298194
GDX,2025-09-16,70.565,70.64,68.63,69.02,22742291
GDX,2025-09-17,68.24,69.925,67.77,68.66,28270269
GDX,2025-09-18,68.15,68.795,67.255,68.79,21638915
GDX,2025-09-19,68.92,72.525,68.89,72.36,36428972
GDX,2025-09-22,73.77,74.3699,72.84,74.33,30822555
GDX,2025-09-23,74.88,75.28,73.8801,74.23,23168443
GDX,2025-09-24,73.96,74.45,72.27,72.32,27972000
GDX,2025-09-25,72.31,73.2,72.01,73.13,23268574
GDX,2025-09-26,73.68,74.9255,73.24,74.68,21411932
GDX,2025-09-29,76.58,76.8742,75.355,75.72,24062680
GDX,2025-09-30,74.965,77.175,74.74,76.4,21221733
GDX,2025-10-01,77.11,77.96,76.59,77.13,22633033
GDX,2025-10-02,78.285,78.32,74.1,77.1,41791190
GDX,2025-10-03,77.315,77.76,76.53,77.08,15113274
GDX,2025-10-06,78.06,79.49,77.79,78.61,26286337
GDX,2025-10-07,78.655,78.69,76.69,76.97,21615649
GDX,2025-10-08,78.675,79.15,77.59,79.15,25676093
BTGD,2025-07-30,38.96,39.2,37.8678,38.1483,39282
BTGD,2025-07-31,38.98,39.085,38.23,38.3437,21434
BTGD,2025-08-01,38.58,38.58,37.72,37.825,33426
BTGD,2025-08-04,38.38,38.89,38.38,38.54,45262
BTGD,2025-08-05,38.54,38.68,37.9172,38.309,32222
BTGD,2025-08-06,38.31,39.0,38.11,38.7863,29947
BTGD,2025-08-07,39.47,40.0,39.19,39.89,41009
BTGD,2025-08-08,39.94,40.16,39.3559,39.4366,245571
BTGD,2025-08-11,39.92,40.3298,39.5,39.608,142949
BTGD,2025-08-12,39.64,40.0499,39.37,39.91,41299
BTGD,2025-08-13,40.25,41.0542,40.16,41.0542,43430
BTGD,2025-08-14,39.75,39.75,38.83,39.06,80555
BTGD,2025-08-15,39.26,39.29,38.6044,38.7194,31032
BTGD,2025-08-18,38.35,38.6352,37.96,38.4,77194
BTGD,2025-08-19,38.39,38.4,37.0,37.11,42009
BTGD,2025-08-20,37.5,37.8767,37.1316,37.8767,32259
BTGD,2025-08-21,37.67,37.7253,36.95,37.05,25644
BTGD,2025-08-22,36.88,39.1494,36.8543,38.9164,28723
BTGD,2025-08-25,37.32,37.66,36.85,36.9072,46400
BTGD,2025-08-26,36.65,37.2948,36.6,37.2501,25269
BTGD,2025-08-27,37.23,37.848,37.23,37.7125,15590
BTGD,2025-08-28,38.19,38.4199,37.9204,38.0,46575
BTGD,2025-08-29,37.82,37.82,36.8772,37.035,47770
BTGD,2025-09-02,37.54,38.85,37.54,38.8,112209
BTGD,2025-09-03,39.33,39.8425,39.07,39.5111,49385
BTGD,2025-09-04,38.91,38.94,38.2846,38.46,33027
BTGD,2025-09-05,39.92,40.15,39.0,39.53,100189
BTGD,2025-09-08,40.0,40.39,39.8332,40.06,130544
BTGD,2025-09-09,40.71,40.73,39.6006,39.69,141546
BTGD,2025-09-10,40.77,41.06,40.4259,40.65,106066
BTGD,2025-09-11,40.57,40.999,40.47,40.91,86452
BTGD,2025-09-12,41.17,41.8368,41.116,41.83,89558
BTGD,2025-09-15,41.28,41.7255,41.04,41.61,165298
BTGD,2025-09-16,41.84,42.33,41.55,42.29,73164
BTGD,2025-09-17,41.9,42.1695,40.9,41.54,304095
BTGD,2025-09-18,42.04,42.08,41.6,41.96,125810
BTGD,2025-09-19,41.59,41.735,41.43,41.48,72913
BTGD,2025-09-22,41.16,41.38,40.85,41.11,118538
BTGD,2025-09-23,41.84,41.8499,41.0052,41.07,82122
BTGD,2025-09-24,41.66,41.81,41.2287,41.32,85104
BTGD,2025-09-25,40.76,40.77,39.68,39.995,114978
BTGD,2025-09-26,40.0,40.66,39.91,40.09,66364
BTGD,2025-09-29,41.83,42.74,41.7658,42.69,98090
BTGD,2025-09-30,42.16,43.12,42.1235,43.015,116381
BTGD,2025-10-01,43.89,44.62,43.83,44.3,206351
BTGD,2025-10-02,45.24,45.53,44.3,45.5,142403
BTGD,2025-10-03,45.7,46.9599,45.3,46.48,156324
BTGD,2025-10-06,47.87,48.73,47.675,48.38,278874
BTGD,2025-10-07,48.43,48.43,46.7101,47.11,183769
BTGD,2025-10-08,48.06,48.86,47.63,48.44,180000
UFO,2025-07-30,29.88,30.21,29.65,29.95,256246
UFO,2025-07-31,29.95,30.05,29.47,29.66,317412
UFO,2025-08-01,29.1,29.7,28.71,29.4575,128884
UFO,2025-08-04,29.73,30.18,29.73,30.1271,85559
UFO,2025-08-05,30.36,30.59,30.07,30.2953,82514
UFO,2025-08-06,30.51,31.15,30.4853,31.0016,115677
UFO,2025-08-07,30.87,30.8806,30.08,30.23,120945
UFO,2025-08-08,30.65,30.66,30.0509,30.1378,57388
UFO,2025-08-11,30.21,30.3199,29.9993,30.09,96750
UFO,2025-08-12,30.49,30.7791,30.4389,30.5528,76218
UFO,2025-08-13,30.83,30.98,30.53,30.9514,134148
UFO,2025-08-14,30.73,30.9786,30.39,30.6761,40295
UFO,2025-08-15,30.69,30.85,30.459,30.68,23186
UFO,2025-08-18,30.67,31.0791,30.54,30.8296,53272
UFO,2025-08-19,30.83,30.83,29.74,29.7852,69113
UFO,2025-08-20,29.67,29.79,29.2401,29.7067,79430
UFO,2025-08-21,29.5,29.8907,29.5,29.8249,21273
UFO,2025-08-22,29.99,30.8594,29.9132,30.7793,64684
UFO,2025-08-25,30.79,31.33,30.75,30.9632,53578
UFO,2025-08-26,32.65,33.5,32.65,33.0,187218
UFO,2025-08-27,33.33,33.85,33.12,33.6563,94526
UFO,2025-08-28,33.8,33.8,33.26,33.6688,82720
UFO,2025-08-29,33.49,33.95,33.21,33.89,105873
UFO,2025-09-02,33.38,33.7894,33.2066,33.75,99054
UFO,2025-09-03,33.85,33.85,32.7995,32.9693,138530
UFO,2025-09-04,33.11,33.2,32.77,33.1934,77695
UFO,2025-09-05,33.49,33.6682,33.25,33.4727,76494
UFO,2025-09-08,34.07,34.8637,34.07,34.82,119480
UFO,2025-09-09,34.85,34.85,34.14,34.5838,105058
UFO,2025-09-10,34.81,34.9,33.65,33.75,75753
UFO,2025-09-11,33.78,34.55,33.78,34.3575,35642
UFO,2025-09-12,34.44,34.44,34.08,34.3067,61827
UFO,2025-09-15,34.41,34.93,34.41,34.92,88196
UFO,2025-09-16,34.81,34.81,34.375,34.38,98153
UFO,2025-09-17,34.3,35.05,34.1601,34.73,62965
UFO,2025-09-18,35.01,35.01,34.26,34.45,85731
UFO,2025-09-19,34.79,35.107,34.57,34.92,50137
UFO,2025-09-22,35.0,35.74,34.76,35.74,80411
UFO,2025-09-23,35.61,36.4,35.5,36.0627,94737
UFO,2025-09-24,36.23,36.3,35.44,35.45,70365
UFO,2025-09-25,34.83,35.1982,34.4,34.81,80144
UFO,2025-09-26,35.14,35.25,34.8,35.07,42623
UFO,2025-09-29,35.51,35.5899,35.34,35.55,55251
UFO,2025-09-30,35.45,35.72,35.01,35.6748,46345
UFO,2025-10-01,35.55,36.2731,35.3635,36.2213,87811
UFO,2025-10-02,36.66,37.73,36.49,37.58,393843
UFO,2025-10-03,37.79,38.3696,37.637,38.26,162666
UFO,2025-10-06,39.01,39.46,38.62,39.2154,198408
UFO,2025-10-07,39.17,39.26,38.21,39.02,169241
UFO,2025-10-08,39.69,40.549,39.69,40.2,247716
EWY,2025-07-30,74.06,74.365,73.37,73.68,4322726
EWY,2025-07-31,73.12,73.14,72.535,72.81,4396625
EWY,2025-08-01,71.27,71.27,70.36,70.65,11792452
EWY,2025-08-04,72.38,72.42,72.1,72.33,3415632
EWY,2025-08-05,72.79,73.0,72.455,72.89,3881897
EWY,2025-08-06,72.68,73.18,72.67,73.18,2540793
EWY,2025-08-07,73.61,73.735,73.105,73.44,2208501
EWY,2025-08-08,73.11,73.59,73.09,73.5,3098313
EWY,2025-08-11,73.2,73.29,72.94,73.03,1917557
EWY,2025-08-12,73.3,74.12,73.26,74.1,2456582
EWY,2025-08-13,74.7,74.955,74.56,74.72,3856121
EWY,2025-08-14,73.61,73.82,73.46,73.66,1983824
EWY,2025-08-15,73.84,74.01,73.37,73.39,3400256
EWY,2025-08-18,72.72,72.85,72.6528,72.8,2995161
EWY,2025-08-19,72.17,72.19,71.415,71.44,5414765
EWY,2025-08-20,71.4,71.5,70.93,71.36,2444798
EWY,2025-08-21,71.21,71.275,70.93,71.22,2338664
EWY,2025-08-22,72.56,73.73,72.45,73.51,6844461
EWY,2025-08-25,73.09,73.18,72.71,72.73,3106018
EWY,2025-08-26,72.42,72.545,72.31,72.39,3674129
EWY,2025-08-27,72.0,72.495,71.88,72.47,1869972
EWY,2025-08-28,73.25,73.66,73.22,73.64,3087903
EWY,2025-08-29,72.24,72.3299,71.97,72.24,3359025
EWY,2025-09-02,71.5,72.11,71.39,71.92,2553171
EWY,2025-09-03,72.92,73.17,72.725,72.91,2250339
EWY,2025-09-04,72.78,73.1199,72.58,73.07,1886130
EWY,2025-09-05,73.7,73.91,73.12,73.63,3308814
EWY,2025-09-08,73.85,74.205,73.85,74.19,2178848
EWY,2025-09-09,74.86,75.125,74.725,74.92,3469218
EWY,2025-09-10,76.36,76.865,76.325,76.65,4427128
EWY,2025-09-11,77.39,78.47,77.39,77.86,6894517
EWY,2025-09-12,78.48,78.75,78.39,78.66,2951411
EWY,2025-09-15,79.0,79.275,78.93,79.19,3824042
EWY,2025-09-16,80.37,80.75,80.13,80.69,5797790
EWY,2025-09-17,79.83,80.68,79.37,79.83,6110237
EWY,2025-09-18,80.38,80.84,80.115,80.75,3802083
EWY,2025-09-19,79.78,80.07,79.72,80.05,3940183
EWY,2025-09-22,80.91,81.58,80.75,81.56,5374720
EWY,2025-09-23,81.68,81.93,81.39,81.45,4023022
EWY,2025-09-24,80.57,80.62,79.905,80.04,3554282
EWY,2025-09-25,79.91,80.13,79.55,79.89,3374556
EWY,2025-09-26,78.43,78.92,78.27,78.87,5278880
EWY,2025-09-29,80.17,80.455,80.135,80.24,3738641
EWY,2025-09-30,79.685,80.175,79.685,80.1,3066210
EWY,2025-10-01,81.165,81.945,81.165,81.89,3909734
EWY,2025-10-02,83.75,83.78,82.875,83.53,6535103
EWY,2025-10-03,83.84,84.255,83.44,83.85,4225092
EWY,2025-10-06,84.74,85.055,84.58,84.78,3658061
EWY,2025-10-07,84.91,84.91,83.3,83.35,5040627
EWY,2025-10-08,83.2,84.25,83.06,84.19,2981915
