Symbol,Date,Open,High,Low,Close,Volume
TCH-F172.TA,2026-06-19,13690.0,13690.0,13150.0,13150.0,6049
TCH-F172.TA,2026-06-22,13300.0,13660.0,13160.0,13240.0,21434
TCH-F172.TA,2026-06-23,13000.0,13280.0,12760.0,13090.0,59006
TCH-F172.TA,2026-06-24,13250.0,13580.0,13250.0,13530.0,15306
TCH-F172.TA,2026-06-25,13530.0,13840.0,13510.0,13630.0,8122
TCH-F172.TA,2026-06-26,13490.0,13500.0,13230.0,13320.0,13378
TCH-F172.TA,2026-06-29,13710.0,13900.0,13450.0,13490.0,52685
TCH-F172.TA,2026-06-30,13630.0,13770.0,13110.0,13200.0,67544
TCH-F172.TA,2026-07-01,13350.0,13710.0,13330.0,13690.0,27890
TCH-F172.TA,2026-07-02,13860.0,13920.0,13580.0,13750.0,10021
TCH-F172.TA,2026-07-03,13750.0,14120.0,13900.0,13970.0,18104
TCH-F172.TA,2026-07-06,13930.0,14410.0,13880.0,14200.0,111070
TCH-F172.TA,2026-07-07,14160.0,14160.0,13810.0,13920.0,21934
TCH-F172.TA,2026-07-08,13920.0,14120.0,13530.0,13810.0,23068
TCH-F172.TA,2026-07-09,13990.0,13990.0,13430.0,13750.0,21151
TCH-F172.TA,2026-07-10,13750.0,13890.0,13570.0,13740.0,3910
TCH-F172.TA,2026-07-13,13720.0,13890.0,13560.0,13650.0,137762
TCH-F172.TA,2026-07-14,13650.0,13880.0,13590.0,13620.0,74080
TCH-F172.TA,2026-07-15,13620.0,14070.0,13860.0,13980.0,15071
TCH-F172.TA,2026-07-16,14070.0,14200.0,13900.0,13960.0,5936
TCH-F172.TA,2026-07-17,13720.0,14100.0,13720.0,14020.0,854
TCH-F172.TA,2026-07-20,14020.0,14180.0,13860.0,13980.0,6194
TCH-F172.TA,2026-07-21,14220.0,14410.0,14180.0,14300.0,24155
TCH-F172.TA,2026-07-22,14300.0,14850.0,14300.0,14680.0,7272
TCH-F172.TA,2026-07-24,14680.0,14680.0,14250.0,14480.0,2298
TCH-F172.TA,2026-07-27,14480.0,14870.0,14290.0,14320.0,159335
TCH-F172.TA,2026-07-28,14320.0,14320.0,14030.0,14040.0,26795
TCH-F172.TA,2026-07-29,14040.0,14040.0,13630.0,13640.0,6028
TCH-F172.TA,2026-07-30,13640.0,13950.0,13640.0,13820.0,6266
TCH-F172.TA,2026-07-31,13820.0,14270.0,14060.0,14200.0,17621
TCH-F172.TA,2026-08-03,14200.0,14500.0,14170.0,14420.0,12484
TCH-F172.TA,2026-08-04,14350.0,14500.0,14020.0,14320.0,33268
TCH-F172.TA,2026-08-05,14320.0,14520.0,14210.0,14230.0,9441
TCH-F172.TA,2026-08-06,14020.0,14230.0,13990.0,14200.0,9061
TCH-F172.TA,2026-08-07,14200.0,14300.0,14100.0,14140.0,2881
TCH-F172.TA,2026-08-10,14140.0,14200.0,13830.0,13940.0,14530
TCH-F172.TA,2026-08-11,13940.0,13940.0,13630.0,13640.0,7043
TCH-F172.TA,2026-08-12,13590.0,13860.0,13590.0,13650.0,12304
TCH-F172.TA,2026-08-13,13650.0,13850.0,13680.0,13800.0,3114
TCH-F172.TA,2026-08-14,13970.0,14040.0,13870.0,13930.0,4929
TCH-F172.TA,2026-08-17,14000.0,14540.0,13930.0,13960.0,42210
TCH-F172.TA,2026-08-18,13960.0,14050.0,13660.0,14040.0,9275
TCH-F172.TA,2026-08-19,14040.0,14870.0,14250.0,14720.0,32301
TCH-F172.TA,2026-08-20,14750.0,14810.0,14530.0,14620.0,13130
TCH-F172.TA,2026-08-21,14620.0,14770.0,14570.0,14740.0,1586
TCH-F172.TA,2026-08-24,14740.0,14810.0,14600.0,14750.0,13040
TCH-F172.TA,2026-08-25,14790.0,15270.0,14790.0,15180.0,11732
TCH-F172.TA,2026-08-26,15160.0,15490.0,15020.0,15320.0,87029
TCH-F172.TA,2026-08-27,15400.0,15610.0,15350.0,15580.0,11958
TCH-F172.TA,2026-08-28,15580.0,15860.0,15410.0,15830.0,12710
KSM-F21.TA,2026-06-08,19620.0,19620.0,19430.0,19530.0,20
KSM-F21.TA,2026-06-09,19530.0,19560.0,19520.0,19520.0,2072
KSM-F21.TA,2026-06-10,19520.0,19210.0,19210.0,19210.0,1000
KSM-F21.TA,2026-06-12,19210.0,19560.0,19560.0,19560.0,1050
KSM-F21.TA,2026-06-15,19560.0,19350.0,19300.0,19300.0,2050
KSM-F21.TA,2026-06-16,19300.0,19200.0,19070.0,19140.0,1150
KSM-F21.TA,2026-06-18,19140.0,18630.0,18550.0,18630.0,78
KSM-F21.TA,2026-06-22,18630.0,18650.0,18650.0,18650.0,53
KSM-F21.TA,2026-06-24,18650.0,18460.0,18460.0,18460.0,648
KSM-F21.TA,2026-06-29,18460.0,18500.0,18450.0,18500.0,427
KSM-F21.TA,2026-06-30,18500.0,18790.0,18500.0,18730.0,394
KSM-F21.TA,2026-07-01,18730.0,18990.0,18990.0,18990.0,80
KSM-F21.TA,2026-07-02,18990.0,19130.0,19130.0,19050.0,5
KSM-F21.TA,2026-07-07,19050.0,19180.0,19050.0,19170.0,43
KSM-F21.TA,2026-07-08,19170.0,18990.0,18990.0,18990.0,26
KSM-F21.TA,2026-07-09,18990.0,18990.0,18880.0,18890.0,30
KSM-F21.TA,2026-07-14,18890.0,18750.0,18690.0,18700.0,324
KSM-F21.TA,2026-07-15,18700.0,18930.0,18760.0,18790.0,396
KSM-F21.TA,2026-07-16,18790.0,18830.0,18830.0,18810.0,5
KSM-F21.TA,2026-07-17,18810.0,18690.0,18690.0,18690.0,15
KSM-F21.TA,2026-07-20,18690.0,18690.0,18690.0,18690.0,107
KSM-F21.TA,2026-07-22,18690.0,18850.0,18690.0,18750.0,298
KSM-F21.TA,2026-07-24,18750.0,18750.0,18750.0,18750.0,254
KSM-F21.TA,2026-07-27,18750.0,18750.0,18680.0,18690.0,53
KSM-F21.TA,2026-07-28,18690.0,18600.0,18600.0,18600.0,47
KSM-F21.TA,2026-07-29,18600.0,18390.0,18390.0,18390.0,192
KSM-F21.TA,2026-07-30,18390.0,18240.0,18240.0,18240.0,100
KSM-F21.TA,2026-08-04,18240.0,18700.0,18700.0,18700.0,25
KSM-F21.TA,2026-08-06,18700.0,18430.0,18370.0,18410.0,174
KSM-F21.TA,2026-08-12,18410.0,18410.0,18410.0,18410.0,3
KSM-F21.TA,2026-08-13,18410.0,17720.0,17720.0,18220.0,3
KSM-F21.TA,2026-08-19,18220.0,17880.0,17880.0,17880.0,27
KSM-F21.TA,2026-08-21,17880.0,17880.0,17880.0,17880.0,3
KSM-F21.TA,2026-08-24,17880.0,17880.0,17880.0,17880.0,4
KSM-F21.TA,2026-08-25,17880.0,17780.0,17780.0,17780.0,168
KSM-F21.TA,2026-08-26,17780.0,17750.0,17750.0,17750.0,169
KSM-F21.TA,2026-08-28,17750.0,17750.0,17750.0,17750.0,1
MTF-F42.TA,2026-06-25,7050.0,7050.0,6987.0,6988.0,1736
MTF-F42.TA,2026-06-29,6988.0,7009.0,6988.0,7009.0,812
MTF-F42.TA,2026-06-30,7009.0,7117.0,7085.0,7113.0,310
MTF-F42.TA,2026-07-01,7113.0,7146.0,7146.0,7146.0,34
MTF-F42.TA,2026-07-06,7146.0,7156.0,7156.0,7156.0,1000
MTF-F42.TA,2026-07-09,7156.0,7005.0,6988.0,7005.0,7500
MTF-F42.TA,2026-07-15,7005.0,7005.0,7005.0,7005.0,1
MTF-F42.TA,2026-07-20,7005.0,7002.0,6991.0,6999.0,20
MTF-F42.TA,2026-07-21,6999.0,6990.0,6990.0,6990.0,712
MTF-F42.TA,2026-07-22,6990.0,6979.0,6975.0,6979.0,800
MTF-F42.TA,2026-07-27,6979.0,6727.0,6727.0,6727.0,481
MTF-F42.TA,2026-07-29,6727.0,6849.0,6849.0,6849.0,1238
MTF-F42.TA,2026-07-31,6849.0,7048.0,7009.0,7048.0,1400
MTF-F42.TA,2026-08-03,7048.0,7140.0,7048.0,7084.0,226
MTF-F42.TA,2026-08-04,7084.0,7136.0,7136.0,7136.0,295
MTF-F42.TA,2026-08-05,7217.0,7240.0,7213.0,7222.0,309
MTF-F42.TA,2026-08-10,7222.0,7291.0,7291.0,7291.0,41
MTF-F42.TA,2026-08-17,7291.0,7193.0,7193.0,7193.0,390
MTF-F42.TA,2026-08-19,7193.0,7077.0,7077.0,7077.0,684
MTF-F42.TA,2026-08-20,7077.0,7178.0,7178.0,7178.0,287
MTF-F42.TA,2026-08-24,7100.0,7152.0,7100.0,7151.0,2466
MTF-F42.TA,2026-08-27,7040.0,7064.0,7040.0,7064.0,785
HRL-F12.TA,2026-06-19,6846.0,6846.0,6681.0,6695.0,16610
HRL-F12.TA,2026-06-22,6695.0,6714.0,6621.0,6649.0,49258
HRL-F12.TA,2026-06-23,6571.0,6667.0,6550.0,6662.0,98592
HRL-F12.TA,2026-06-24,6665.0,6722.0,6665.0,6676.0,69776
HRL-F12.TA,2026-06-25,6676.0,6727.0,6646.0,6655.0,39370
HRL-F12.TA,2026-06-26,6587.0,6750.0,6587.0,6721.0,38252
HRL-F12.TA,2026-06-29,6725.0,6852.0,6702.0,6826.0,116983
HRL-F12.TA,2026-06-30,6817.0,6817.0,6675.0,6717.0,50695
HRL-F12.TA,2026-07-01,6717.0,6759.0,6715.0,6753.0,72922
HRL-F12.TA,2026-07-02,6784.0,6820.0,6722.0,6754.0,68524
HRL-F12.TA,2026-07-03,6817.0,6828.0,6789.0,6826.0,134532
HRL-F12.TA,2026-07-06,6826.0,6955.0,6725.0,6935.0,68107
HRL-F12.TA,2026-07-07,6935.0,7079.0,6911.0,7041.0,47156
HRL-F12.TA,2026-07-08,7041.0,7200.0,7034.0,7145.0,77550
HRL-F12.TA,2026-07-09,7145.0,7170.0,7029.0,7051.0,105023
HRL-F12.TA,2026-07-10,7000.0,7103.0,7000.0,7079.0,18789
HRL-F12.TA,2026-07-13,7036.0,7084.0,6992.0,7036.0,32109
HRL-F12.TA,2026-07-14,7036.0,7036.0,6951.0,6966.0,35975
HRL-F12.TA,2026-07-15,6966.0,7323.0,6966.0,7321.0,80591
HRL-F12.TA,2026-07-16,7353.0,7360.0,7235.0,7258.0,24074
HRL-F12.TA,2026-07-17,7258.0,7381.0,7258.0,7309.0,12527
HRL-F12.TA,2026-07-20,7348.0,7352.0,7270.0,7316.0,30504
HRL-F12.TA,2026-07-21,7316.0,7379.0,7284.0,7360.0,19029
HRL-F12.TA,2026-07-22,7360.0,7460.0,7316.0,7355.0,37524
HRL-F12.TA,2026-07-24,7240.0,7407.0,7199.0,7390.0,16793
HRL-F12.TA,2026-07-27,7405.0,7467.0,7400.0,7441.0,39841
HRL-F12.TA,2026-07-28,7404.0,7441.0,7306.0,7366.0,19710
HRL-F12.TA,2026-07-29,7366.0,7366.0,7170.0,7211.0,24114
HRL-F12.TA,2026-07-30,7205.0,7349.0,7187.0,7320.0,57531
HRL-F12.TA,2026-07-31,7320.0,7435.0,7365.0,7428.0,5974
HRL-F12.TA,2026-08-03,7430.0,7509.0,7367.0,7387.0,34414
HRL-F12.TA,2026-08-04,7387.0,7480.0,7353.0,7479.0,22775
HRL-F12.TA,2026-08-05,7550.0,7600.0,7423.0,7427.0,64799
HRL-F12.TA,2026-08-06,7453.0,7479.0,7402.0,7478.0,23311
HRL-F12.TA,2026-08-07,7478.0,7600.0,7470.0,7569.0,10055
HRL-F12.TA,2026-08-10,7560.0,7560.0,7438.0,7439.0,85651
HRL-F12.TA,2026-08-11,7497.0,7600.0,7450.0,7593.0,30686
HRL-F12.TA,2026-08-12,7700.0,7746.0,7654.0,7699.0,21828
HRL-F12.TA,2026-08-13,7749.0,7841.0,7691.0,7734.0,43209
HRL-F12.TA,2026-08-14,7734.0,7800.0,7734.0,7749.0,15325
HRL-F12.TA,2026-08-17,7701.0,7730.0,7527.0,7542.0,85722
HRL-F12.TA,2026-08-18,7542.0,7647.0,7449.0,7592.0,51503
HRL-F12.TA,2026-08-19,7592.0,7709.0,7592.0,7700.0,19107
HRL-F12.TA,2026-08-20,7700.0,7700.0,7634.0,7645.0,31206
HRL-F12.TA,2026-08-21,7645.0,7710.0,7643.0,7669.0,6124
HRL-F12.TA,2026-08-24,7716.0,7717.0,7660.0,7714.0,41429
HRL-F12.TA,2026-08-25,7687.0,7786.0,7672.0,7781.0,39864
HRL-F12.TA,2026-08-26,7781.0,7818.0,7708.0,7808.0,25565
HRL-F12.TA,2026-08-27,7808.0,7819.0,7759.0,7814.0,39722
HRL-F12.TA,2026-08-28,7814.0,7852.0,7788.0,7815.0,8047
KSM-F192.TA,2026-06-09,48660.0,48600.0,48150.0,48170.0,2157
KSM-F192.TA,2026-06-10,48170.0,47740.0,46990.0,47150.0,3458
KSM-F192.TA,2026-06-11,47150.0,47900.0,47770.0,47900.0,287
KSM-F192.TA,2026-06-12,48380.0,48710.0,48380.0,48660.0,184
KSM-F192.TA,2026-06-15,48660.0,49400.0,47800.0,47850.0,554
KSM-F192.TA,2026-06-16,47850.0,47660.0,46900.0,47350.0,259
KSM-F192.TA,2026-06-17,47350.0,46440.0,45960.0,46010.0,173
KSM-F192.TA,2026-06-18,46010.0,46460.0,45500.0,46060.0,231
KSM-F192.TA,2026-06-22,46060.0,46250.0,45730.0,45880.0,488
KSM-F192.TA,2026-06-23,45250.0,45380.0,44800.0,45380.0,515
KSM-F192.TA,2026-06-24,45380.0,46080.0,45890.0,46050.0,387
KSM-F192.TA,2026-06-25,46050.0,46000.0,45380.0,45860.0,273
KSM-F192.TA,2026-06-26,45860.0,45020.0,44590.0,44710.0,238
KSM-F192.TA,2026-06-29,44630.0,45780.0,44630.0,45200.0,1524
KSM-F192.TA,2026-06-30,45200.0,45340.0,45200.0,45340.0,78
KSM-F192.TA,2026-07-01,45600.0,46090.0,45270.0,46090.0,188
KSM-F192.TA,2026-07-02,46090.0,46510.0,46330.0,46400.0,195
KSM-F192.TA,2026-07-03,46400.0,46670.0,46670.0,46670.0,42
KSM-F192.TA,2026-07-06,46670.0,47310.0,46670.0,47310.0,334
KSM-F192.TA,2026-07-07,47310.0,47320.0,46370.0,46370.0,1621
KSM-F192.TA,2026-07-08,46370.0,46030.0,45750.0,45990.0,2035
KSM-F192.TA,2026-07-09,45990.0,46160.0,45430.0,45430.0,3941
KSM-F192.TA,2026-07-10,45170.0,45510.0,45170.0,45380.0,1564
KSM-F192.TA,2026-07-13,45380.0,45300.0,44890.0,45130.0,653
KSM-F192.TA,2026-07-14,45130.0,45640.0,45640.0,45640.0,125
KSM-F192.TA,2026-07-20,45640.0,46470.0,45640.0,46470.0,98
KSM-F192.TA,2026-07-21,46470.0,46860.0,46560.0,46820.0,429
KSM-F192.TA,2026-07-22,46820.0,47250.0,46820.0,47170.0,168
KSM-F192.TA,2026-07-24,47170.0,47230.0,47160.0,47200.0,135
KSM-F192.TA,2026-07-27,47200.0,47510.0,47060.0,47230.0,1461
KSM-F192.TA,2026-07-28,47230.0,48000.0,46350.0,46580.0,3030
KSM-F192.TA,2026-07-29,46580.0,45740.0,45600.0,45610.0,248
KSM-F192.TA,2026-07-30,45600.0,45600.0,44910.0,45070.0,273
KSM-F192.TA,2026-07-31,45070.0,45900.0,45900.0,45900.0,326
KSM-F192.TA,2026-08-04,45900.0,45800.0,45800.0,45800.0,100
KSM-F192.TA,2026-08-05,45800.0,45870.0,45830.0,45830.0,250
KSM-F192.TA,2026-08-07,45830.0,45830.0,45670.0,45790.0,72
KSM-F192.TA,2026-08-10,45830.0,45830.0,45680.0,45730.0,348
KSM-F192.TA,2026-08-11,45730.0,45040.0,44800.0,44940.0,447
KSM-F192.TA,2026-08-12,44940.0,45560.0,44880.0,45560.0,765
KSM-F192.TA,2026-08-13,45560.0,45450.0,45380.0,45400.0,80
KSM-F192.TA,2026-08-14,45400.0,45650.0,45650.0,45650.0,10
KSM-F192.TA,2026-08-17,45650.0,45990.0,44880.0,45060.0,512
KSM-F192.TA,2026-08-18,45060.0,45060.0,44500.0,45060.0,94
KSM-F192.TA,2026-08-19,45060.0,45500.0,44930.0,45490.0,193
KSM-F192.TA,2026-08-20,45490.0,45910.0,45600.0,45750.0,448
KSM-F192.TA,2026-08-21,45750.0,45760.0,45750.0,45760.0,380
KSM-F192.TA,2026-08-24,45760.0,45830.0,45640.0,45700.0,407
KSM-F192.TA,2026-08-25,45700.0,45870.0,45570.0,45600.0,285
KSM-F192.TA,2026-08-27,45600.0,46300.0,46080.0,46110.0,149
KSM-F103.TA,2026-06-19,28210.0,28210.0,27860.0,28160.0,982
KSM-F103.TA,2026-06-22,27840.0,28260.0,27840.0,28100.0,3953
KSM-F103.TA,2026-06-23,27750.0,28220.0,27730.0,28180.0,4326
KSM-F103.TA,2026-06-24,28180.0,28210.0,27920.0,28040.0,1309
KSM-F103.TA,2026-06-25,28040.0,28070.0,27610.0,27660.0,1066
KSM-F103.TA,2026-06-26,27660.0,27660.0,27400.0,27580.0,1338
KSM-F103.TA,2026-06-29,27580.0,27910.0,27580.0,27780.0,1212
KSM-F103.TA,2026-06-30,27780.0,27670.0,27250.0,27320.0,391
KSM-F103.TA,2026-07-01,27320.0,28290.0,27320.0,28290.0,5433
KSM-F103.TA,2026-07-02,28290.0,28580.0,28270.0,28550.0,4220
KSM-F103.TA,2026-07-03,28330.0,28830.0,28330.0,28770.0,3374
KSM-F103.TA,2026-07-06,28700.0,29160.0,28640.0,29150.0,3012
KSM-F103.TA,2026-07-07,28860.0,29150.0,28550.0,28730.0,2044
KSM-F103.TA,2026-07-08,28730.0,28940.0,28620.0,28860.0,1041
KSM-F103.TA,2026-07-09,28860.0,28940.0,28400.0,28470.0,601
KSM-F103.TA,2026-07-10,28190.0,28420.0,28170.0,28250.0,1090
KSM-F103.TA,2026-07-13,28400.0,28900.0,28400.0,28750.0,4457
KSM-F103.TA,2026-07-14,28750.0,28850.0,28590.0,28610.0,1322
KSM-F103.TA,2026-07-15,28610.0,28830.0,28460.0,28680.0,4882
KSM-F103.TA,2026-07-16,28690.0,29370.0,28690.0,29230.0,434
KSM-F103.TA,2026-07-17,29080.0,29830.0,29080.0,29730.0,2290
KSM-F103.TA,2026-07-20,29730.0,30430.0,29730.0,29880.0,2014
KSM-F103.TA,2026-07-21,29880.0,30320.0,29790.0,30170.0,3484
KSM-F103.TA,2026-07-22,30170.0,31110.0,30270.0,30830.0,2766
KSM-F103.TA,2026-07-24,30830.0,31130.0,30650.0,30810.0,271
KSM-F103.TA,2026-07-27,30810.0,30630.0,30220.0,30520.0,2475
KSM-F103.TA,2026-07-28,30520.0,30390.0,30090.0,30150.0,1222
KSM-F103.TA,2026-07-29,30150.0,30150.0,29730.0,29960.0,3350
KSM-F103.TA,2026-07-30,29960.0,29960.0,29760.0,29850.0,924
KSM-F103.TA,2026-07-31,29750.0,29980.0,29270.0,29700.0,923
KSM-F103.TA,2026-08-03,29700.0,29900.0,29250.0,29800.0,1942
KSM-F103.TA,2026-08-04,29800.0,29860.0,29250.0,29300.0,1714
KSM-F103.TA,2026-08-05,29140.0,29250.0,28790.0,28820.0,1891
KSM-F103.TA,2026-08-06,28560.0,28750.0,28530.0,28590.0,2058
KSM-F103.TA,2026-08-07,28590.0,28740.0,28530.0,28680.0,966
KSM-F103.TA,2026-08-10,28680.0,28710.0,28200.0,28240.0,3490
KSM-F103.TA,2026-08-11,28240.0,29040.0,28240.0,29030.0,738
KSM-F103.TA,2026-08-12,29030.0,29030.0,28540.0,28630.0,379
KSM-F103.TA,2026-08-13,28500.0,29310.0,28500.0,29140.0,3727
KSM-F103.TA,2026-08-14,29140.0,29560.0,29140.0,29470.0,1008
KSM-F103.TA,2026-08-17,29470.0,29640.0,28950.0,29330.0,15843
KSM-F103.TA,2026-08-18,28950.0,29320.0,28950.0,29260.0,993
KSM-F103.TA,2026-08-19,29260.0,30500.0,29260.0,30460.0,3972
KSM-F103.TA,2026-08-20,30460.0,30700.0,30400.0,30670.0,734
KSM-F103.TA,2026-08-21,30670.0,30620.0,30350.0,30380.0,783
KSM-F103.TA,2026-08-24,30410.0,30820.0,30410.0,30570.0,3363
KSM-F103.TA,2026-08-25,30570.0,30570.0,30150.0,30150.0,340
KSM-F103.TA,2026-08-26,30150.0,30310.0,29570.0,29930.0,1454
KSM-F103.TA,2026-08-27,30280.0,30280.0,29920.0,30140.0,2432
KSM-F103.TA,2026-08-28,30140.0,30220.0,30140.0,30180.0,3554
HRL-F14.TA,2026-06-19,1226.0,1230.0,1220.0,1223.0,3986
HRL-F14.TA,2026-06-22,1223.0,1232.0,1208.0,1208.0,44861
HRL-F14.TA,2026-06-23,1208.0,1208.0,1179.0,1189.0,25903
HRL-F14.TA,2026-06-24,1189.0,1205.0,1198.0,1204.0,25864
HRL-F14.TA,2026-06-25,1204.0,1198.0,1184.0,1185.0,95127
HRL-F14.TA,2026-06-26,1185.0,1180.0,1174.0,1178.0,7258
HRL-F14.TA,2026-06-29,1178.0,1217.0,1178.0,1214.0,221482
HRL-F14.TA,2026-06-30,1214.0,1219.0,1211.0,1216.0,2684
HRL-F14.TA,2026-07-01,1216.0,1230.0,1225.0,1227.0,1877
HRL-F14.TA,2026-07-02,1227.0,1235.0,1225.0,1228.0,9355
HRL-F14.TA,2026-07-03,1228.0,1244.0,1233.0,1239.0,16146
HRL-F14.TA,2026-07-06,1229.0,1256.0,1229.0,1251.0,3065
HRL-F14.TA,2026-07-07,1251.0,1252.0,1229.0,1231.0,61061
HRL-F14.TA,2026-07-08,1231.0,1217.0,1205.0,1210.0,67716
HRL-F14.TA,2026-07-09,1210.0,1221.0,1207.0,1215.0,5578
HRL-F14.TA,2026-07-10,1215.0,1199.0,1188.0,1190.0,190111
HRL-F14.TA,2026-07-13,1190.0,1194.0,1176.0,1189.0,289119
HRL-F14.TA,2026-07-14,1189.0,1198.0,1189.0,1198.0,108718
HRL-F14.TA,2026-07-15,1198.0,1210.0,1207.0,1210.0,3617
HRL-F14.TA,2026-07-16,1210.0,1216.0,1214.0,1216.0,86418
HRL-F14.TA,2026-07-17,1216.0,1210.0,1207.0,1210.0,3601
HRL-F14.TA,2026-07-20,1210.0,1217.0,1208.0,1215.0,25154
HRL-F14.TA,2026-07-21,1215.0,1229.0,1224.0,1227.0,65849
HRL-F14.TA,2026-07-22,1227.0,1230.0,1220.0,1220.0,101372
HRL-F14.TA,2026-07-24,1208.0,1219.0,1208.0,1214.0,23565
HRL-F14.TA,2026-07-27,1214.0,1220.0,1206.0,1206.0,136241
HRL-F14.TA,2026-07-28,1205.0,1205.0,1185.0,1185.0,140599
HRL-F14.TA,2026-07-29,1185.0,1179.0,1175.0,1176.0,292
HRL-F14.TA,2026-07-30,1176.0,1177.0,1161.0,1176.0,28877
HRL-F14.TA,2026-07-31,1176.0,1195.0,1182.0,1191.0,183827
HRL-F14.TA,2026-08-03,1191.0,1191.0,1180.0,1188.0,28604
HRL-F14.TA,2026-08-04,1188.0,1188.0,1166.0,1166.0,56787
HRL-F14.TA,2026-08-05,1166.0,1169.0,1161.0,1169.0,28295
HRL-F14.TA,2026-08-06,1169.0,1159.0,1149.0,1155.0,15011
HRL-F14.TA,2026-08-07,1155.0,1153.0,1146.0,1149.0,9198
HRL-F14.TA,2026-08-10,1149.0,1150.0,1128.0,1128.0,39867
HRL-F14.TA,2026-08-11,1128.0,1131.0,1122.0,1126.0,2787
HRL-F14.TA,2026-08-12,1126.0,1127.0,1104.0,1113.0,117835
HRL-F14.TA,2026-08-13,1113.0,1130.0,1115.0,1130.0,34914
HRL-F14.TA,2026-08-14,1130.0,1130.0,1127.0,1129.0,24824
HRL-F14.TA,2026-08-17,1129.0,1132.0,1109.0,1111.0,96542
HRL-F14.TA,2026-08-18,1111.0,1108.0,1098.0,1103.0,59506
HRL-F14.TA,2026-08-19,1103.0,1126.0,1104.0,1108.0,108428
HRL-F14.TA,2026-08-20,1108.0,1112.0,1112.0,1112.0,1200
HRL-F14.TA,2026-08-21,1112.0,1120.0,1112.0,1117.0,4505
HRL-F14.TA,2026-08-24,1117.0,1110.0,1098.0,1100.0,62243
HRL-F14.TA,2026-08-25,1100.0,1104.0,1102.0,1104.0,90800
HRL-F14.TA,2026-08-26,1104.0,1111.0,1104.0,1110.0,24678
HRL-F14.TA,2026-08-27,1110.0,1133.0,1115.0,1130.0,49604
HRL-F14.TA,2026-08-28,1130.0,1148.0,1137.0,1148.0,27238
MTF-F74.TA,2026-06-19,2509.0,2521.0,2499.0,2499.0,38359
MTF-F74.TA,2026-06-22,2499.0,2543.0,2499.0,2543.0,17415
MTF-F74.TA,2026-06-23,2543.0,2499.0,2457.0,2489.0,18115
MTF-F74.TA,2026-06-24,2513.0,2513.0,2485.0,2497.0,10243
MTF-F74.TA,2026-06-25,2500.0,2535.0,2438.0,2487.0,22625
MTF-F74.TA,2026-06-26,2487.0,2386.0,2341.0,2354.0,7621
MTF-F74.TA,2026-06-29,2354.0,2399.0,2354.0,2366.0,45326
MTF-F74.TA,2026-06-30,2370.0,2397.0,2370.0,2382.0,57513
MTF-F74.TA,2026-07-01,2382.0,2428.0,2410.0,2412.0,7198
MTF-F74.TA,2026-07-02,2412.0,2453.0,2412.0,2438.0,7001
MTF-F74.TA,2026-07-03,2437.0,2437.0,2398.0,2423.0,10804
MTF-F74.TA,2026-07-06,2423.0,2431.0,2413.0,2415.0,5919
MTF-F74.TA,2026-07-07,2415.0,2415.0,2310.0,2331.0,16951
MTF-F74.TA,2026-07-08,2331.0,2335.0,2298.0,2335.0,33942
MTF-F74.TA,2026-07-09,2335.0,2358.0,2314.0,2324.0,91341
MTF-F74.TA,2026-07-10,2324.0,2333.0,2320.0,2329.0,19578
MTF-F74.TA,2026-07-13,2306.0,2317.0,2289.0,2310.0,24394
MTF-F74.TA,2026-07-14,2317.0,2406.0,2317.0,2396.0,14064
MTF-F74.TA,2026-07-15,2396.0,2440.0,2396.0,2440.0,8860
MTF-F74.TA,2026-07-16,2440.0,2440.0,2390.0,2409.0,1170
MTF-F74.TA,2026-07-17,2372.0,2372.0,2336.0,2341.0,3450
MTF-F74.TA,2026-07-20,2341.0,2402.0,2341.0,2385.0,11581
MTF-F74.TA,2026-07-21,2385.0,2423.0,2404.0,2410.0,8141
MTF-F74.TA,2026-07-22,2410.0,2433.0,2410.0,2430.0,1509
MTF-F74.TA,2026-07-24,2430.0,2454.0,2430.0,2440.0,14132
MTF-F74.TA,2026-07-27,2440.0,2440.0,2416.0,2421.0,17011
MTF-F74.TA,2026-07-28,2354.0,2363.0,2308.0,2308.0,13088
MTF-F74.TA,2026-07-29,2308.0,2308.0,2260.0,2269.0,17178
MTF-F74.TA,2026-07-30,2269.0,2275.0,2207.0,2264.0,20628
MTF-F74.TA,2026-07-31,2300.0,2300.0,2292.0,2295.0,3784
MTF-F74.TA,2026-08-03,2295.0,2296.0,2244.0,2250.0,19544
MTF-F74.TA,2026-08-04,2270.0,2353.0,2270.0,2312.0,21595
MTF-F74.TA,2026-08-05,2312.0,2349.0,2292.0,2292.0,5941
MTF-F74.TA,2026-08-06,2292.0,2294.0,2256.0,2264.0,8540
MTF-F74.TA,2026-08-07,2264.0,2329.0,2314.0,2315.0,2416
MTF-F74.TA,2026-08-10,2350.0,2373.0,2325.0,2325.0,21930
MTF-F74.TA,2026-08-11,2325.0,2325.0,2284.0,2293.0,10079
MTF-F74.TA,2026-08-12,2293.0,2323.0,2293.0,2317.0,27873
MTF-F74.TA,2026-08-13,2330.0,2342.0,2313.0,2336.0,7853
MTF-F74.TA,2026-08-14,2336.0,2341.0,2318.0,2324.0,1100
MTF-F74.TA,2026-08-17,2324.0,2336.0,2302.0,2323.0,11696
MTF-F74.TA,2026-08-18,2302.0,2302.0,2274.0,2288.0,10037
MTF-F74.TA,2026-08-19,2288.0,2263.0,2220.0,2248.0,3520
MTF-F74.TA,2026-08-20,2248.0,2249.0,2223.0,2232.0,3969
MTF-F74.TA,2026-08-21,2232.0,2232.0,2218.0,2227.0,14857
MTF-F74.TA,2026-08-24,2227.0,2205.0,2174.0,2182.0,13233
MTF-F74.TA,2026-08-25,2182.0,2172.0,2158.0,2171.0,61022
MTF-F74.TA,2026-08-26,2171.0,2171.0,2119.0,2136.0,34556
MTF-F74.TA,2026-08-27,2136.0,2195.0,2136.0,2183.0,26453
MTF-F74.TA,2026-08-28,2183.0,2183.0,2161.0,2169.0,2160
TCH-F83.TA,2026-06-19,1350.0,1346.0,1329.0,1346.0,12679
TCH-F83.TA,2026-06-22,1346.0,1346.0,1324.0,1327.0,20780
TCH-F83.TA,2026-06-23,1327.0,1314.0,1295.0,1311.0,68920
TCH-F83.TA,2026-06-24,1311.0,1335.0,1311.0,1331.0,25756
TCH-F83.TA,2026-06-25,1331.0,1321.0,1303.0,1311.0,6198
TCH-F83.TA,2026-06-26,1311.0,1303.0,1300.0,1302.0,3991
TCH-F83.TA,2026-06-29,1302.0,1367.0,1319.0,1358.0,344690
TCH-F83.TA,2026-06-30,1363.0,1363.0,1334.0,1336.0,26635
TCH-F83.TA,2026-07-01,1336.0,1379.0,1336.0,1378.0,28683
TCH-F83.TA,2026-07-02,1378.0,1382.0,1367.0,1374.0,20120
TCH-F83.TA,2026-07-03,1374.0,1396.0,1374.0,1382.0,3766
TCH-F83.TA,2026-07-06,1400.0,1423.0,1387.0,1410.0,285358
TCH-F83.TA,2026-07-07,1410.0,1403.0,1374.0,1379.0,129192
TCH-F83.TA,2026-07-08,1379.0,1378.0,1344.0,1359.0,426577
TCH-F83.TA,2026-07-09,1359.0,1360.0,1316.0,1316.0,226049
TCH-F83.TA,2026-07-10,1316.0,1336.0,1331.0,1331.0,770
TCH-F83.TA,2026-07-13,1331.0,1331.0,1322.0,1323.0,4867
TCH-F83.TA,2026-07-14,1323.0,1330.0,1318.0,1321.0,97842
TCH-F83.TA,2026-07-15,1321.0,1352.0,1331.0,1346.0,33331
TCH-F83.TA,2026-07-16,1361.0,1361.0,1345.0,1349.0,6267
TCH-F83.TA,2026-07-17,1349.0,1341.0,1335.0,1335.0,8784
TCH-F83.TA,2026-07-20,1335.0,1342.0,1323.0,1339.0,30138
TCH-F83.TA,2026-07-21,1339.0,1346.0,1324.0,1327.0,685896
TCH-F83.TA,2026-07-22,1327.0,1335.0,1319.0,1319.0,607562
TCH-F83.TA,2026-07-24,1319.0,1323.0,1304.0,1320.0,20122
TCH-F83.TA,2026-07-27,1320.0,1344.0,1311.0,1312.0,575964
TCH-F83.TA,2026-07-28,1312.0,1312.0,1292.0,1292.0,224497
TCH-F83.TA,2026-07-29,1292.0,1292.0,1274.0,1281.0,253783
TCH-F83.TA,2026-07-30,1281.0,1284.0,1261.0,1279.0,51431
TCH-F83.TA,2026-07-31,1287.0,1295.0,1285.0,1295.0,46993
TCH-F83.TA,2026-08-03,1295.0,1289.0,1276.0,1281.0,56208
TCH-F83.TA,2026-08-04,1276.0,1278.0,1257.0,1257.0,13603
TCH-F83.TA,2026-08-05,1257.0,1268.0,1253.0,1256.0,463373
TCH-F83.TA,2026-08-06,1256.0,1258.0,1246.0,1250.0,37226
TCH-F83.TA,2026-08-07,1250.0,1260.0,1247.0,1251.0,7439
TCH-F83.TA,2026-08-10,1250.0,1253.0,1224.0,1228.0,6700
TCH-F83.TA,2026-08-11,1228.0,1232.0,1215.0,1225.0,55584
TCH-F83.TA,2026-08-12,1221.0,1231.0,1211.0,1217.0,33504
TCH-F83.TA,2026-08-13,1217.0,1218.0,1204.0,1218.0,17754
TCH-F83.TA,2026-08-14,1218.0,1233.0,1218.0,1229.0,50317
TCH-F83.TA,2026-08-17,1229.0,1229.0,1205.0,1209.0,30833
TCH-F83.TA,2026-08-18,1209.0,1204.0,1175.0,1203.0,704015
TCH-F83.TA,2026-08-19,1203.0,1232.0,1203.0,1230.0,70856
TCH-F83.TA,2026-08-20,1230.0,1252.0,1242.0,1250.0,7778
TCH-F83.TA,2026-08-21,1250.0,1260.0,1256.0,1258.0,8903
TCH-F83.TA,2026-08-24,1258.0,1258.0,1235.0,1241.0,25405
TCH-F83.TA,2026-08-25,1241.0,1250.0,1239.0,1247.0,123487
TCH-F83.TA,2026-08-26,1247.0,1248.0,1231.0,1247.0,45362
TCH-F83.TA,2026-08-27,1247.0,1268.0,1258.0,1267.0,98784
TCH-F83.TA,2026-08-28,1267.0,1280.0,1260.0,1271.0,19144
HRL-F16.TA,2026-06-19,8925.0,8925.0,8675.0,8787.0,1009
HRL-F16.TA,2026-06-22,8787.0,8787.0,8630.0,8681.0,7969
HRL-F16.TA,2026-06-23,8490.0,8619.0,8490.0,8575.0,4807
HRL-F16.TA,2026-06-24,8600.0,8760.0,8600.0,8760.0,1755
HRL-F16.TA,2026-06-25,8760.0,8784.0,8735.0,8766.0,352
HRL-F16.TA,2026-06-26,8596.0,8718.0,8596.0,8674.0,3039
HRL-F16.TA,2026-06-29,8674.0,8915.0,8805.0,8877.0,5840
HRL-F16.TA,2026-06-30,8829.0,8829.0,8674.0,8698.0,4462
HRL-F16.TA,2026-07-01,8698.0,8829.0,8698.0,8780.0,1514
HRL-F16.TA,2026-07-02,8934.0,8942.0,8817.0,8821.0,919
HRL-F16.TA,2026-07-03,8960.0,8977.0,8935.0,8942.0,2442
HRL-F16.TA,2026-07-06,8942.0,9079.0,8934.0,9079.0,3477
HRL-F16.TA,2026-07-07,9031.0,9118.0,8990.0,9096.0,4022
HRL-F16.TA,2026-07-08,9096.0,9173.0,9021.0,9059.0,1088
HRL-F16.TA,2026-07-09,9059.0,9117.0,9117.0,9117.0,165
HRL-F16.TA,2026-07-10,9117.0,9117.0,8999.0,9053.0,3480
HRL-F16.TA,2026-07-13,9053.0,9053.0,8937.0,9013.0,3206
HRL-F16.TA,2026-07-14,9013.0,9012.0,8966.0,8966.0,3891
HRL-F16.TA,2026-07-15,8966.0,9250.0,9095.0,9245.0,2791
HRL-F16.TA,2026-07-16,9245.0,9306.0,9298.0,9303.0,377
HRL-F16.TA,2026-07-17,9303.0,9285.0,9241.0,9263.0,2990
HRL-F16.TA,2026-07-20,9288.0,9326.0,9194.0,9217.0,1297
HRL-F16.TA,2026-07-21,9217.0,9365.0,9217.0,9339.0,1851
HRL-F16.TA,2026-07-22,9339.0,9538.0,9339.0,9423.0,1189
HRL-F16.TA,2026-07-24,9423.0,9433.0,9415.0,9423.0,3755
HRL-F16.TA,2026-07-27,9425.0,9562.0,9425.0,9477.0,9341
HRL-F16.TA,2026-07-28,9477.0,9353.0,9275.0,9314.0,1340
HRL-F16.TA,2026-07-29,9206.0,9206.0,9111.0,9129.0,4050
HRL-F16.TA,2026-07-30,9129.0,9205.0,9070.0,9105.0,1247
HRL-F16.TA,2026-07-31,9105.0,9348.0,9317.0,9347.0,901
HRL-F16.TA,2026-08-03,9347.0,9425.0,9300.0,9353.0,7413
HRL-F16.TA,2026-08-04,9353.0,9390.0,9266.0,9327.0,2558
HRL-F16.TA,2026-08-05,9484.0,9513.0,9327.0,9354.0,1731
HRL-F16.TA,2026-08-06,9354.0,9355.0,9287.0,9297.0,326
HRL-F16.TA,2026-08-07,9297.0,9430.0,9427.0,9427.0,226
HRL-F16.TA,2026-08-10,9427.0,9427.0,9313.0,9321.0,470
HRL-F16.TA,2026-08-11,9321.0,9308.0,9185.0,9254.0,2901
HRL-F16.TA,2026-08-12,9254.0,9372.0,9277.0,9351.0,1432
HRL-F16.TA,2026-08-13,9351.0,9415.0,9351.0,9354.0,1196
HRL-F16.TA,2026-08-14,9495.0,9495.0,9431.0,9445.0,2436
HRL-F16.TA,2026-08-17,9445.0,9537.0,9306.0,9306.0,2962
HRL-F16.TA,2026-08-18,9278.0,9354.0,9167.0,9339.0,2039
HRL-F16.TA,2026-08-19,9339.0,9594.0,9484.0,9573.0,1587
HRL-F16.TA,2026-08-20,9573.0,9565.0,9484.0,9522.0,575
HRL-F16.TA,2026-08-21,9522.0,9567.0,9540.0,9540.0,676
HRL-F16.TA,2026-08-24,9540.0,9575.0,9541.0,9542.0,4086
HRL-F16.TA,2026-08-25,9542.0,9757.0,9655.0,9745.0,8501
HRL-F16.TA,2026-08-26,9745.0,9855.0,9742.0,9848.0,3291
HRL-F16.TA,2026-08-27,9848.0,9922.0,9828.0,9874.0,794
HRL-F16.TA,2026-08-28,9840.0,9960.0,9840.0,9947.0,1262
MTF-F66.TA,2026-06-17,1387.0,1409.0,1375.0,1377.0,37445
MTF-F66.TA,2026-06-18,1377.0,1386.0,1377.0,1384.0,9023
MTF-F66.TA,2026-06-19,1384.0,1384.0,1370.0,1373.0,4832
MTF-F66.TA,2026-06-22,1373.0,1373.0,1357.0,1357.0,27847
MTF-F66.TA,2026-06-24,1357.0,1368.0,1343.0,1363.0,9662
MTF-F66.TA,2026-06-25,1363.0,1365.0,1354.0,1357.0,21869
MTF-F66.TA,2026-06-26,1357.0,1344.0,1339.0,1340.0,93059
MTF-F66.TA,2026-06-29,1340.0,1399.0,1364.0,1399.0,74309
MTF-F66.TA,2026-06-30,1399.0,1399.0,1376.0,1381.0,9733
MTF-F66.TA,2026-07-01,1381.0,1421.0,1409.0,1410.0,67935
MTF-F66.TA,2026-07-02,1410.0,1415.0,1405.0,1412.0,6782
MTF-F66.TA,2026-07-03,1412.0,1440.0,1412.0,1419.0,97
MTF-F66.TA,2026-07-06,1419.0,1459.0,1441.0,1456.0,545910
MTF-F66.TA,2026-07-07,1456.0,1456.0,1411.0,1413.0,81942
MTF-F66.TA,2026-07-08,1413.0,1415.0,1385.0,1392.0,26650
MTF-F66.TA,2026-07-09,1392.0,1407.0,1375.0,1375.0,97542
MTF-F66.TA,2026-07-10,1375.0,1382.0,1374.0,1376.0,12801
MTF-F66.TA,2026-07-13,1376.0,1366.0,1355.0,1365.0,52917
MTF-F66.TA,2026-07-14,1365.0,1374.0,1360.0,1370.0,20889
MTF-F66.TA,2026-07-15,1360.0,1387.0,1360.0,1387.0,36875
MTF-F66.TA,2026-07-16,1398.0,1398.0,1374.0,1390.0,235916
MTF-F66.TA,2026-07-17,1390.0,1372.0,1372.0,1372.0,367
MTF-F66.TA,2026-07-20,1372.0,1373.0,1363.0,1364.0,9254
MTF-F66.TA,2026-07-21,1364.0,1385.0,1374.0,1382.0,5048
MTF-F66.TA,2026-07-22,1382.0,1385.0,1365.0,1373.0,6824
MTF-F66.TA,2026-07-24,1373.0,1370.0,1349.0,1364.0,4016
MTF-F66.TA,2026-07-27,1364.0,1396.0,1365.0,1365.0,31741
MTF-F66.TA,2026-07-28,1365.0,1361.0,1348.0,1355.0,98136
MTF-F66.TA,2026-07-29,1355.0,1347.0,1338.0,1338.0,4511
MTF-F66.TA,2026-07-30,1338.0,1355.0,1332.0,1338.0,9746
MTF-F66.TA,2026-07-31,1338.0,1367.0,1367.0,1367.0,1591
MTF-F66.TA,2026-08-03,1367.0,1360.0,1352.0,1357.0,11887
MTF-F66.TA,2026-08-04,1357.0,1346.0,1327.0,1327.0,8532
MTF-F66.TA,2026-08-05,1327.0,1336.0,1327.0,1332.0,100943
MTF-F66.TA,2026-08-06,1332.0,1332.0,1312.0,1329.0,539297
MTF-F66.TA,2026-08-10,1316.0,1329.0,1303.0,1303.0,38739
MTF-F66.TA,2026-08-11,1303.0,1313.0,1295.0,1312.0,104375
MTF-F66.TA,2026-08-12,1312.0,1321.0,1283.0,1299.0,75420
MTF-F66.TA,2026-08-13,1299.0,1304.0,1293.0,1304.0,49891
MTF-F66.TA,2026-08-14,1300.0,1314.0,1300.0,1313.0,6820
MTF-F66.TA,2026-08-17,1320.0,1320.0,1284.0,1284.0,91265
MTF-F66.TA,2026-08-18,1284.0,1284.0,1267.0,1284.0,81678
MTF-F66.TA,2026-08-19,1284.0,1316.0,1308.0,1313.0,23988
MTF-F66.TA,2026-08-20,1313.0,1335.0,1313.0,1325.0,34495
MTF-F66.TA,2026-08-21,1325.0,1333.0,1324.0,1328.0,1721
MTF-F66.TA,2026-08-24,1328.0,1325.0,1308.0,1311.0,37539
MTF-F66.TA,2026-08-25,1305.0,1318.0,1305.0,1318.0,43366
MTF-F66.TA,2026-08-26,1318.0,1319.0,1303.0,1318.0,8457
MTF-F66.TA,2026-08-27,1318.0,1331.0,1320.0,1325.0,36762
MTF-F66.TA,2026-08-28,1325.0,1337.0,1336.0,1337.0,29023
MTF-F71.TA,2026-06-19,2168.0,2231.0,2144.0,2220.0,66301
MTF-F71.TA,2026-06-22,2230.0,2266.0,2176.0,2241.0,535072
MTF-F71.TA,2026-06-23,2220.0,2255.0,2160.0,2246.0,207627
MTF-F71.TA,2026-06-24,2270.0,2295.0,2241.0,2288.0,106247
MTF-F71.TA,2026-06-25,2300.0,2327.0,2242.0,2255.0,123304
MTF-F71.TA,2026-06-26,2249.0,2279.0,2176.0,2255.0,164087
MTF-F71.TA,2026-06-29,2255.0,2340.0,2255.0,2259.0,506361
MTF-F71.TA,2026-06-30,2259.0,2279.0,2225.0,2231.0,207354
MTF-F71.TA,2026-07-01,2262.0,2315.0,2262.0,2301.0,110285
MTF-F71.TA,2026-07-02,2314.0,2327.0,2290.0,2317.0,105201
MTF-F71.TA,2026-07-03,2317.0,2361.0,2270.0,2360.0,148970
MTF-F71.TA,2026-07-06,2360.0,2416.0,2335.0,2378.0,981730
MTF-F71.TA,2026-07-07,2378.0,2378.0,2251.0,2264.0,187125
MTF-F71.TA,2026-07-08,2264.0,2264.0,2169.0,2239.0,161405
MTF-F71.TA,2026-07-09,2239.0,2239.0,2142.0,2179.0,108215
MTF-F71.TA,2026-07-10,2179.0,2180.0,2130.0,2157.0,130135
MTF-F71.TA,2026-07-13,2157.0,2170.0,2112.0,2147.0,150464
MTF-F71.TA,2026-07-14,2147.0,2197.0,2147.0,2183.0,92089
MTF-F71.TA,2026-07-15,2199.0,2233.0,2180.0,2232.0,67175
MTF-F71.TA,2026-07-16,2250.0,2282.0,2234.0,2267.0,69820
MTF-F71.TA,2026-07-17,2267.0,2267.0,2203.0,2235.0,53634
MTF-F71.TA,2026-07-20,2260.0,2265.0,2198.0,2247.0,244621
MTF-F71.TA,2026-07-21,2247.0,2299.0,2240.0,2242.0,119567
MTF-F71.TA,2026-07-22,2242.0,2292.0,2242.0,2272.0,77455
MTF-F71.TA,2026-07-24,2246.0,2272.0,2228.0,2242.0,32709
MTF-F71.TA,2026-07-27,2228.0,2279.0,2228.0,2241.0,79963
MTF-F71.TA,2026-07-28,2241.0,2241.0,2128.0,2139.0,110866
MTF-F71.TA,2026-07-29,2139.0,2139.0,2073.0,2081.0,133659
MTF-F71.TA,2026-07-30,2081.0,2129.0,2035.0,2108.0,129253
MTF-F71.TA,2026-07-31,2139.0,2145.0,2116.0,2123.0,29665
MTF-F71.TA,2026-08-03,2128.0,2129.0,2059.0,2066.0,94817
MTF-F71.TA,2026-08-04,2077.0,2184.0,2077.0,2103.0,148710
MTF-F71.TA,2026-08-05,2101.0,2110.0,2016.0,2037.0,181660
MTF-F71.TA,2026-08-06,2037.0,2084.0,2020.0,2066.0,63060
MTF-F71.TA,2026-08-07,2055.0,2066.0,2041.0,2048.0,17350
MTF-F71.TA,2026-08-10,2050.0,2112.0,2028.0,2034.0,105825
MTF-F71.TA,2026-08-11,2034.0,2060.0,2004.0,2056.0,103357
MTF-F71.TA,2026-08-12,2056.0,2111.0,2056.0,2084.0,192157
MTF-F71.TA,2026-08-13,2090.0,2135.0,2053.0,2125.0,103103
MTF-F71.TA,2026-08-14,2125.0,2132.0,2070.0,2084.0,29670
MTF-F71.TA,2026-08-17,2084.0,2115.0,2012.0,2014.0,145492
MTF-F71.TA,2026-08-18,2012.0,2015.0,1963.0,2009.0,187177
MTF-F71.TA,2026-08-19,2009.0,2009.0,1963.0,1976.0,119541
MTF-F71.TA,2026-08-20,1976.0,2059.0,1976.0,2020.0,119843
MTF-F71.TA,2026-08-21,2020.0,2043.0,2016.0,2038.0,21519
MTF-F71.TA,2026-08-24,2027.0,2027.0,1965.0,1981.0,207103
MTF-F71.TA,2026-08-25,1961.0,1995.0,1943.0,1985.0,397404
MTF-F71.TA,2026-08-26,1980.0,1980.0,1896.0,1949.0,317847
MTF-F71.TA,2026-08-27,1949.0,1975.0,1949.0,1962.0,236774
MTF-F71.TA,2026-08-28,1962.0,1962.0,1939.0,1955.0,203377
TCH-F171.TA,2026-06-19,2049.0,2053.0,2035.0,2035.0,25824
TCH-F171.TA,2026-06-22,2035.0,2056.0,2008.0,2012.0,65466
TCH-F171.TA,2026-06-23,2012.0,1990.0,1951.0,1975.0,47972
TCH-F171.TA,2026-06-24,1975.0,2027.0,1965.0,2000.0,284313
TCH-F171.TA,2026-06-25,2000.0,2002.0,1973.0,1974.0,86791
TCH-F171.TA,2026-06-26,1974.0,1975.0,1960.0,1970.0,3988
TCH-F171.TA,2026-06-29,1970.0,2065.0,1970.0,2065.0,110266
TCH-F171.TA,2026-06-30,2065.0,2065.0,2014.0,2019.0,68546
TCH-F171.TA,2026-07-01,2019.0,2089.0,2012.0,2081.0,35034
TCH-F171.TA,2026-07-02,2081.0,2101.0,2072.0,2091.0,18493
TCH-F171.TA,2026-07-03,2091.0,2124.0,2081.0,2122.0,47132
TCH-F171.TA,2026-07-06,2112.0,2168.0,2112.0,2141.0,79164
TCH-F171.TA,2026-07-07,2147.0,2147.0,2076.0,2080.0,81158
TCH-F171.TA,2026-07-08,2076.0,2085.0,2031.0,2042.0,26905
TCH-F171.TA,2026-07-09,2042.0,2062.0,2006.0,2017.0,24749
TCH-F171.TA,2026-07-10,2017.0,2021.0,2014.0,2015.0,20465
TCH-F171.TA,2026-07-13,2015.0,2000.0,1978.0,1998.0,26671
TCH-F171.TA,2026-07-14,1980.0,2006.0,1980.0,2003.0,21096
TCH-F171.TA,2026-07-15,1990.0,2060.0,1990.0,2057.0,43130
TCH-F171.TA,2026-07-16,2057.0,2077.0,2049.0,2057.0,31824
TCH-F171.TA,2026-07-17,2057.0,2049.0,2030.0,2036.0,13437
TCH-F171.TA,2026-07-20,2017.0,2043.0,2012.0,2035.0,36095
TCH-F171.TA,2026-07-21,2035.0,2047.0,2027.0,2034.0,20718
TCH-F171.TA,2026-07-22,2034.0,2048.0,1990.0,1991.0,30654
TCH-F171.TA,2026-07-24,1991.0,1997.0,1992.0,1997.0,3870
TCH-F171.TA,2026-07-27,1997.0,2022.0,1967.0,1973.0,39663
TCH-F171.TA,2026-07-28,1973.0,1952.0,1932.0,1943.0,30344
TCH-F171.TA,2026-07-29,1943.0,1913.0,1896.0,1905.0,52669
TCH-F171.TA,2026-07-30,1905.0,1900.0,1864.0,1886.0,21932
TCH-F171.TA,2026-07-31,1886.0,1907.0,1888.0,1906.0,7726
TCH-F171.TA,2026-08-03,1906.0,1910.0,1870.0,1874.0,28380
TCH-F171.TA,2026-08-04,1874.0,1880.0,1840.0,1845.0,67815
TCH-F171.TA,2026-08-05,1845.0,1863.0,1830.0,1833.0,71611
TCH-F171.TA,2026-08-06,1833.0,1866.0,1823.0,1863.0,95983
TCH-F171.TA,2026-08-07,1826.0,1862.0,1826.0,1828.0,33753
TCH-F171.TA,2026-08-10,1828.0,1840.0,1768.0,1769.0,74358
TCH-F171.TA,2026-08-11,1769.0,1794.0,1767.0,1773.0,43706
TCH-F171.TA,2026-08-12,1773.0,1782.0,1730.0,1737.0,65217
TCH-F171.TA,2026-08-13,1737.0,1760.0,1720.0,1760.0,67079
TCH-F171.TA,2026-08-14,1760.0,1766.0,1745.0,1766.0,44389
TCH-F171.TA,2026-08-17,1764.0,1772.0,1740.0,1740.0,36604
TCH-F171.TA,2026-08-18,1740.0,1739.0,1693.0,1722.0,24238
TCH-F171.TA,2026-08-19,1712.0,1779.0,1712.0,1763.0,146432
TCH-F171.TA,2026-08-20,1776.0,1797.0,1756.0,1763.0,59426
TCH-F171.TA,2026-08-21,1763.0,1812.0,1746.0,1802.0,40498
TCH-F171.TA,2026-08-24,1802.0,1803.0,1774.0,1777.0,26060
TCH-F171.TA,2026-08-25,1777.0,1815.0,1770.0,1802.0,45983
TCH-F171.TA,2026-08-26,1802.0,1794.0,1751.0,1787.0,66223
TCH-F171.TA,2026-08-27,1787.0,1854.0,1806.0,1849.0,35679
TCH-F171.TA,2026-08-28,1849.0,1890.0,1855.0,1888.0,35180
HRL-FK43.TA,2026-06-19,4010.0,4026.0,3981.0,3995.0,24557
HRL-FK43.TA,2026-06-22,4022.0,4042.0,3973.0,3992.0,135704
HRL-FK43.TA,2026-06-23,3933.0,3973.0,3916.0,3965.0,505713
HRL-FK43.TA,2026-06-24,3965.0,4016.0,3977.0,3999.0,60572
HRL-FK43.TA,2026-06-25,3999.0,4016.0,3957.0,3957.0,96904
HRL-FK43.TA,2026-06-26,3919.0,3919.0,3846.0,3853.0,15031
HRL-FK43.TA,2026-06-29,3853.0,3951.0,3892.0,3892.0,134839
HRL-FK43.TA,2026-06-30,3892.0,3938.0,3888.0,3905.0,115908
HRL-FK43.TA,2026-07-01,3946.0,3989.0,3930.0,3979.0,23131
HRL-FK43.TA,2026-07-02,3998.0,4000.0,3976.0,3992.0,83243
HRL-FK43.TA,2026-07-03,3992.0,4016.0,3990.0,4013.0,4776
HRL-FK43.TA,2026-07-06,4013.0,4062.0,4013.0,4047.0,129392
HRL-FK43.TA,2026-07-07,4047.0,4047.0,3969.0,3980.0,44673
HRL-FK43.TA,2026-07-08,3959.0,3978.0,3923.0,3961.0,24900
HRL-FK43.TA,2026-07-09,3983.0,3983.0,3900.0,3921.0,101825
HRL-FK43.TA,2026-07-10,3921.0,3933.0,3908.0,3919.0,45985
HRL-FK43.TA,2026-07-13,3900.0,3902.0,3868.0,3892.0,30304
HRL-FK43.TA,2026-07-14,3926.0,3961.0,3926.0,3939.0,20022
HRL-FK43.TA,2026-07-15,3963.0,4031.0,3963.0,4002.0,29998
HRL-FK43.TA,2026-07-16,4050.0,4050.0,3993.0,3993.0,66410
HRL-FK43.TA,2026-07-17,3968.0,3978.0,3963.0,3972.0,45946
HRL-FK43.TA,2026-07-20,3972.0,4020.0,3972.0,4012.0,250084
HRL-FK43.TA,2026-07-21,4009.0,4041.0,4009.0,4034.0,13700
HRL-FK43.TA,2026-07-22,4034.0,4105.0,4034.0,4060.0,23216
HRL-FK43.TA,2026-07-24,4060.0,4081.0,4040.0,4079.0,19851
HRL-FK43.TA,2026-07-27,4079.0,4096.0,4048.0,4054.0,13526
HRL-FK43.TA,2026-07-28,3992.0,4008.0,3951.0,3951.0,38256
HRL-FK43.TA,2026-07-29,3940.0,3946.0,3905.0,3924.0,52411
HRL-FK43.TA,2026-07-30,3910.0,3922.0,3863.0,3919.0,233703
HRL-FK43.TA,2026-07-31,3919.0,3986.0,3919.0,3986.0,46604
HRL-FK43.TA,2026-08-03,3986.0,3997.0,3937.0,3938.0,137741
HRL-FK43.TA,2026-08-04,3938.0,3999.0,3957.0,3970.0,22475
HRL-FK43.TA,2026-08-05,3970.0,4009.0,3938.0,3952.0,23556
HRL-FK43.TA,2026-08-06,3936.0,3936.0,3914.0,3928.0,29503
HRL-FK43.TA,2026-08-07,3938.0,3970.0,3938.0,3964.0,8303
HRL-FK43.TA,2026-08-10,3964.0,4000.0,3937.0,3953.0,45118
HRL-FK43.TA,2026-08-11,3968.0,3968.0,3922.0,3933.0,23612
HRL-FK43.TA,2026-08-12,3933.0,3978.0,3933.0,3970.0,55058
HRL-FK43.TA,2026-08-13,3970.0,3990.0,3970.0,3984.0,16461
HRL-FK43.TA,2026-08-14,3984.0,4002.0,3984.0,3991.0,22508
HRL-FK43.TA,2026-08-17,3991.0,4000.0,3940.0,3941.0,108397
HRL-FK43.TA,2026-08-18,3941.0,3941.0,3888.0,3937.0,16619
HRL-FK43.TA,2026-08-19,3956.0,3970.0,3941.0,3958.0,17416
HRL-FK43.TA,2026-08-20,3958.0,3977.0,3945.0,3950.0,95546
HRL-FK43.TA,2026-08-21,3950.0,3968.0,3954.0,3967.0,27757
HRL-FK43.TA,2026-08-24,3975.0,3986.0,3904.0,3939.0,63664
HRL-FK43.TA,2026-08-25,3946.0,3957.0,3936.0,3949.0,68736
HRL-FK43.TA,2026-08-26,3949.0,3958.0,3921.0,3953.0,101134
HRL-FK43.TA,2026-08-27,3953.0,4000.0,3953.0,3999.0,5656
HRL-FK43.TA,2026-08-28,3999.0,3999.0,3976.0,3990.0,7334
MTF-F18.TA,2026-06-17,777.7999877929688,771.0,738.0,740.2000122070312,15338
MTF-F18.TA,2026-06-18,749.0999755859375,756.4000244140625,740.2000122070312,746.5999755859375,10097
MTF-F18.TA,2026-06-19,746.5999755859375,757.5999755859375,750.9000244140625,751.0999755859375,6552
MTF-F18.TA,2026-06-22,751.0999755859375,763.9000244140625,757.5999755859375,762.0999755859375,6958
MTF-F18.TA,2026-06-23,762.0999755859375,749.7000122070312,735.9000244140625,749.7000122070312,34576
MTF-F18.TA,2026-06-24,749.7000122070312,756.2000122070312,749.7000122070312,753.2000122070312,4389
MTF-F18.TA,2026-06-25,753.2000122070312,758.5999755859375,747.7000122070312,751.7000122070312,6000
MTF-F18.TA,2026-06-26,728.7000122070312,728.7000122070312,722.7999877929688,726.7999877929688,10106
MTF-F18.TA,2026-06-29,726.7999877929688,740.0,726.7999877929688,728.5999755859375,40519
MTF-F18.TA,2026-06-30,728.5999755859375,739.7999877929688,732.0,736.0999755859375,9911
MTF-F18.TA,2026-07-01,736.0999755859375,753.0,749.9000244140625,750.7000122070312,3505
MTF-F18.TA,2026-07-02,750.7000122070312,758.2000122070312,748.9000244140625,750.5999755859375,368
MTF-F18.TA,2026-07-03,750.5999755859375,762.4000244140625,762.4000244140625,753.5999755859375,68
MTF-F18.TA,2026-07-06,753.5999755859375,765.0,761.5999755859375,758.5,136
MTF-F18.TA,2026-07-07,758.5,749.0,749.0,749.2000122070312,265
MTF-F18.TA,2026-07-08,749.2000122070312,741.7000122070312,725.0,735.0999755859375,58429
MTF-F18.TA,2026-07-09,730.0,732.0,722.5999755859375,725.2000122070312,291032
MTF-F18.TA,2026-07-10,725.2000122070312,726.5999755859375,726.5999755859375,725.5999755859375,68
MTF-F18.TA,2026-07-13,725.5999755859375,725.5999755859375,713.5999755859375,718.4000244140625,7455
MTF-F18.TA,2026-07-14,720.0,733.5999755859375,720.0,732.5999755859375,27677
MTF-F18.TA,2026-07-15,732.5999755859375,740.9000244140625,739.7000122070312,740.0,6427
MTF-F18.TA,2026-07-16,740.0,744.2999877929688,742.5999755859375,742.0,162
MTF-F18.TA,2026-07-17,742.0,742.0,730.0,730.0,5258
MTF-F18.TA,2026-07-20,730.0,742.9000244140625,730.0,737.0999755859375,5011
MTF-F18.TA,2026-07-21,737.0999755859375,755.0999755859375,737.0,751.2000122070312,27355
MTF-F18.TA,2026-07-22,751.2000122070312,761.7000122070312,753.5,758.7000122070312,28909
MTF-F18.TA,2026-07-24,758.7000122070312,755.7000122070312,752.5999755859375,753.0999755859375,52413
MTF-F18.TA,2026-07-27,753.0999755859375,754.7999877929688,753.0999755859375,754.7999877929688,9145
MTF-F18.TA,2026-07-28,754.7999877929688,738.4000244140625,721.7999877929688,734.2999877929688,82637
MTF-F18.TA,2026-07-29,734.2999877929688,718.5,715.5999755859375,716.2999877929688,3572
MTF-F18.TA,2026-07-30,716.2999877929688,708.7999877929688,697.4000244140625,698.7000122070312,14821
MTF-F18.TA,2026-07-31,698.7000122070312,718.2999877929688,718.2999877929688,718.2999877929688,5211
MTF-F18.TA,2026-08-03,718.2999877929688,710.2000122070312,709.2999877929688,709.4000244140625,7659
MTF-F18.TA,2026-08-04,709.4000244140625,724.0,720.7999877929688,721.9000244140625,2425
MTF-F18.TA,2026-08-05,721.9000244140625,725.5,720.0,720.9000244140625,7559
MTF-F18.TA,2026-08-07,720.9000244140625,719.5,719.4000244140625,719.4000244140625,5556
MTF-F18.TA,2026-08-10,719.4000244140625,728.0999755859375,724.0,726.5999755859375,5250
MTF-F18.TA,2026-08-11,726.5999755859375,704.5999755859375,701.9000244140625,704.5,8404
MTF-F18.TA,2026-08-12,704.5,709.2000122070312,705.0999755859375,705.7000122070312,840
MTF-F18.TA,2026-08-13,705.7000122070312,718.5999755859375,712.2999877929688,714.9000244140625,37054
MTF-F18.TA,2026-08-14,714.9000244140625,717.2000122070312,717.2000122070312,715.5,70
MTF-F18.TA,2026-08-17,715.5,712.2999877929688,699.2999877929688,699.5999755859375,9707
MTF-F18.TA,2026-08-18,699.5999755859375,700.7000122070312,693.0,700.7000122070312,75125
MTF-F18.TA,2026-08-19,700.7000122070312,696.5999755859375,696.5999755859375,699.7000122070312,70
MTF-F18.TA,2026-08-20,699.7000122070312,699.7000122070312,690.2999877929688,694.7000122070312,2377
MTF-F18.TA,2026-08-21,694.7000122070312,688.0,685.5999755859375,685.7000122070312,3273
MTF-F18.TA,2026-08-24,685.7000122070312,686.0,676.0,676.0999755859375,20354
MTF-F18.TA,2026-08-25,676.0999755859375,676.0999755859375,667.9000244140625,674.5999755859375,10554
MTF-F18.TA,2026-08-26,674.5999755859375,674.2000122070312,664.0999755859375,671.2000122070312,41266
MTF-F18.TA,2026-08-27,671.2000122070312,686.2999877929688,681.2000122070312,681.7000122070312,1732
HRL-F7.TA,2026-06-19,4116.0,4117.0,4068.0,4068.0,135402
HRL-F7.TA,2026-06-22,4068.0,4116.0,4068.0,4094.0,322670
HRL-F7.TA,2026-06-23,4038.0,4084.0,4024.0,4075.0,1098242
HRL-F7.TA,2026-06-24,4098.0,4122.0,4080.0,4083.0,226623
HRL-F7.TA,2026-06-25,4083.0,4133.0,4029.0,4034.0,194284
HRL-F7.TA,2026-06-26,4000.0,4000.0,3937.0,3949.0,169466
HRL-F7.TA,2026-06-29,4000.0,4029.0,3940.0,3957.0,252292
HRL-F7.TA,2026-06-30,4005.0,4010.0,3960.0,3992.0,148698
HRL-F7.TA,2026-07-01,3992.0,4061.0,3992.0,4057.0,119337
HRL-F7.TA,2026-07-02,4057.0,4082.0,4036.0,4072.0,65603
HRL-F7.TA,2026-07-03,4072.0,4075.0,4042.0,4065.0,111611
HRL-F7.TA,2026-07-06,4065.0,4106.0,4064.0,4103.0,205537
HRL-F7.TA,2026-07-07,4103.0,4103.0,4018.0,4026.0,233355
HRL-F7.TA,2026-07-08,4025.0,4040.0,3978.0,4040.0,108214
HRL-F7.TA,2026-07-09,4040.0,4041.0,3968.0,4001.0,169695
HRL-F7.TA,2026-07-10,4001.0,4004.0,3973.0,3983.0,23669
HRL-F7.TA,2026-07-13,3951.0,3972.0,3933.0,3970.0,131712
HRL-F7.TA,2026-07-14,4024.0,4055.0,4012.0,4015.0,208356
HRL-F7.TA,2026-07-15,4015.0,4144.0,4015.0,4139.0,213415
HRL-F7.TA,2026-07-16,4143.0,4143.0,4070.0,4086.0,135174
HRL-F7.TA,2026-07-17,4035.0,4063.0,4035.0,4063.0,223494
HRL-F7.TA,2026-07-20,4063.0,4104.0,4063.0,4079.0,169808
HRL-F7.TA,2026-07-21,4079.0,4134.0,4090.0,4117.0,668578
HRL-F7.TA,2026-07-22,4117.0,4210.0,4117.0,4170.0,661572
HRL-F7.TA,2026-07-24,4170.0,4192.0,4140.0,4188.0,815932
HRL-F7.TA,2026-07-27,4188.0,4200.0,4132.0,4151.0,942066
HRL-F7.TA,2026-07-28,4100.0,4108.0,4042.0,4045.0,185078
HRL-F7.TA,2026-07-29,4020.0,4036.0,3989.0,3993.0,98473
HRL-F7.TA,2026-07-30,3968.0,4030.0,3949.0,4021.0,274898
HRL-F7.TA,2026-07-31,4021.0,4097.0,4063.0,4083.0,236601
HRL-F7.TA,2026-08-03,4083.0,4099.0,4031.0,4049.0,260584
HRL-F7.TA,2026-08-04,4083.0,4110.0,4058.0,4070.0,2479978
HRL-F7.TA,2026-08-05,4126.0,4127.0,4050.0,4056.0,206128
HRL-F7.TA,2026-08-06,4054.0,4054.0,4025.0,4041.0,175792
HRL-F7.TA,2026-08-07,4076.0,4106.0,4076.0,4102.0,80154
HRL-F7.TA,2026-08-10,4106.0,4133.0,4073.0,4082.0,116772
HRL-F7.TA,2026-08-11,4082.0,4093.0,4063.0,4090.0,51469
HRL-F7.TA,2026-08-12,4090.0,4143.0,4090.0,4137.0,61916
HRL-F7.TA,2026-08-13,4137.0,4153.0,4125.0,4148.0,509248
HRL-F7.TA,2026-08-14,4165.0,4165.0,4130.0,4133.0,39760
HRL-F7.TA,2026-08-17,4134.0,4157.0,4103.0,4106.0,196854
HRL-F7.TA,2026-08-18,4100.0,4106.0,4050.0,4093.0,52608
HRL-F7.TA,2026-08-19,4093.0,4135.0,4093.0,4093.0,177236
HRL-F7.TA,2026-08-20,4121.0,4125.0,4080.0,4081.0,69877
HRL-F7.TA,2026-08-21,4081.0,4109.0,4081.0,4092.0,91221
HRL-F7.TA,2026-08-24,4129.0,4129.0,4065.0,4069.0,355451
HRL-F7.TA,2026-08-25,4069.0,4098.0,4069.0,4077.0,462604
HRL-F7.TA,2026-08-26,4077.0,4086.0,4054.0,4086.0,88325
HRL-F7.TA,2026-08-27,4086.0,4130.0,4086.0,4121.0,92292
HRL-F7.TA,2026-08-28,4109.0,4112.0,4095.0,4102.0,53674
